customer_id,revenue,revenue_normalized,revenue_zscore,revenue_rank
C0001,25.0,0.0,-0.42814445422566244,1200
C0002,25.270409846985995,2.7041052301230255e-08,-0.4281443055570444,1199
C0003,25.543744553385874,5.437459127506561e-08,-0.4281441552803681,1198
C0004,25.820035755631086,8.200378057255999e-08,-0.42814400337824005,1197
C0005,26.099315432345218,1.0993181806406697e-07,-0.4281438498330787,1196
C0006,26.381615908045198,1.3816193620936034e-07,-0.4281436946271125,1195
C0007,26.666969856882716,1.6669740243177767e-07,-0.42814353774237734,1194
C0008,26.955410306425904,1.9554151949638912e-07,-0.4281433791607151,1193
C0009,27.246970641482122,2.246976258922769e-07,-0.4281432188637712,1192
C0010,27.54168460796192,2.5416909621893246e-07,-0.4281430568329924,1191
C0011,27.839586316784946,2.839593415768485e-07,-0.42814289304962483,1190
C0012,28.140710247827947,3.140718099623196e-07,-0.42814272749471194,1189
C0013,28.445091253915653,3.4450998666653193e-07,-0.4281425601490918,1188
C0014,28.752764564854605,3.752773946789472e-07,-0.4281423909933956,1187
C0015,29.06376579151088,4.0637759509507556e-07,-0.42814222000804475,1186
C0016,29.37813092993164,4.378141875286328e-07,-0.42814204717324894,1185
C0017,29.69589636551154,4.6959081052818035e-07,-0.4281418724690039,1184
C0018,30.01709887720393,5.017111419982482e-07,-0.428141695875089,1183
C0019,30.34177564177787,5.341788996250359e-07,-0.42814151737106476,1182
C0020,30.669964238120922,5.669978413066955e-07,-0.42814133693627066,1181
C0021,31.00170265158876,6.001717655882902e-07,-0.4281411545498227,1180
C0022,31.33702927840163,6.337045121014432e-07,-0.42814097019061115,1179
C0023,31.675982930088367,6.675999620087416e-07,-0.42814078383729776,1178
C0024,32.018602837978605,7.018620384529566e-07,-0.4281405954683135,1177
C0025,32.36492865774352,7.364947070111195e-07,-0.4281404050618561,1176
C0026,32.715000473985654,7.715019761535058e-07,-0.42814021259588747,1175
C0027,33.06885880487833,8.068878977075774e-07,-0.4281400180481311,1174
C0028,33.42654460685549,8.42656567326967e-07,-0.42813982139606965,1173
C0029,33.78809927935189,8.788121249655014e-07,-0.42813962261694194,1172
C0030,34.153564669594985,9.153587553563869e-07,-0.428139421687741,1171
C0031,34.52298307744824,9.52300688496545e-07,-0.4281392185852106,1170
C0032,34.89639726030716,9.896422001362164e-07,-0.4281390132858433,1169
C0033,35.273850438048036,1.0273876122738344e-06,-0.4281388057658771,1168
C0034,35.65538629803042,1.0655412936562762e-06,-0.42813859600129317,1167
C0035,36.04104900015349,1.1041076602845e-06,-0.428138383967813,1166
C0036,36.43088318196735,1.1430911759246751e-06,-0.4281381696408951,1165
C0037,36.824933963839364,1.1824963526248179e-06,-0.42813795299573293,1164
C0038,37.223246954176616,1.2223277512370397e-06,-0.4281377340072513,1163
C0039,37.62586825470464,1.262589981945419e-06,-0.428137512650104,1162
C0040,38.03284446580345,1.3032877047996069e-06,-0.4281372888986706,1161
C0041,38.44422269190104,1.3444256302541796e-06,-0.42813706272705354,1160
C0042,38.86005054692553,1.386008519713852e-06,-0.4281368341090752,1159
C0043,39.28037615981602,1.4280411860845674e-06,-0.42813660301827483,1158
C0044,39.705248180093164,1.4705284943305522e-06,-0.4281363694279053,1157
C0045,40.13471578348995,1.5134753620374003e-06,-0.42813613331093026,1156
C0046,40.56882867764354,1.5568867599812538e-06,-0.4281358946400211,1155
C0047,41.00763710784845,1.600767712704127e-06,-0.4281356533875533,1154
C0048,41.451191862872065,1.6451232990954543e-06,-0.42813540952560386,1153
C0049,41.899544280833126,1.689958652979945e-06,-0.4281351630259475,1152
C0050,42.352746255143636,1.7352789637117728e-06,-0.4281349138600538,1151
C0051,42.81085024051525,1.781089476775217e-06,-0.42813466199908357,1150
C0052,43.27390925903036,1.827395494391772e-06,-0.428134407413886,1149
C0053,43.741976906279184,1.8742023761338589e-06,-0.4281341500749945,1148
C0054,44.21510735756285,1.9215155395451338e-06,-0.4281338899526243,1147
C0055,44.69335537416398,1.9693404607675497e-06,-0.4281336270166681,1146
C0056,45.1767763096847,2.0176826751751576e-06,-0.42813336123669293,1145
C0057,45.66542611645361,2.066547778014806e-06,-0.428133092581937,1144
C0058,46.15936135200161,2.1159414250537237e-06,-0.4281328210213053,1143
C0059,46.658639185608266,2.1658693332341596e-06,-0.4281325465233669,1142
C0060,47.16331740491846,2.2163372813350493e-06,-0.42813226905635066,1141
C0061,47.6734544226311,2.2673511106408867e-06,-0.4281319885881419,1140
C0062,48.189109283259796,2.3189167256177936e-06,-0.42813170508627846,1139
C0063,48.71034166996689,2.371040094596925e-06,-0.4281314185179473,1138
C0064,49.237211911471356,2.423727250465262e-06,-0.4281311288499801,1137
C0065,49.76978098903128,2.4769842913638566e-06,-0.4281308360488501,1136
C0066,50.30811054350209,2.530817381393662e-06,-0.4281305400806678,1135
C0067,50.852262882470995,2.585232751328978e-06,-0.428130240911177,1134
C0068,51.40230098746863,2.640236699338611e-06,-0.4281299385057512,1133
C0069,51.95828852125862,2.6958355917148417e-06,-0.4281296328293892,1132
C0070,52.520289835206114,2.7520358636102706e-06,-0.42812932384671126,1131
C0071,53.08836997672603,2.8088440197826523e-06,-0.428129011521955,1130
C0072,53.66259469681174,2.8662666353477623e-06,-0.42812869581897106,1129
C0073,54.243030457645176,2.924310356540409e-06,-0.4281283767012194,1128
C0074,54.82974444028953,2.9829819014837066e-06,-0.4281280541317644,1127
C0075,55.42280455246472,3.0422880609666242e-06,-0.42812772807327115,1126
C0076,56.022279436407395,3.1022356992299874e-06,-0.4281273984880008,1125
C0077,56.6282384768156,3.162831754760947e-06,-0.4281270653378063,1124
C0078,57.24075180887971,3.2240832410960733e-06,-0.42812672858412815,1123
C0079,57.85989032639979,3.2859972476330985e-06,-0.42812638818798954,1122
C0080,58.485725689991334,3.3485809404514846e-06,-0.42812604410999217,1121
C0081,59.118330335379135,3.4118415631418215e-06,-0.4281256963103117,1120
C0082,59.757777481781446,3.4757864376442385e-06,-0.4281253447486929,1119
C0083,60.4041411403843,3.5404229650958424e-06,-0.42812498938444515,1118
C0084,61.057496122907956,3.6057586266873625e-06,-0.42812463017643776,1117
C0085,61.71791805026571,3.671800984529032e-06,-0.4281242670830951,1116
C0086,62.38548336131639,3.7385576825258454e-06,-0.42812390006239176,1115
C0087,63.06026932171161,3.806036447262279e-06,-0.428123529071848,1114
C0088,63.74235403283878,3.874245088896601e-06,-0.4281231540685243,1113
C0089,64.43181644086067,3.943191502064822e-06,-0.42812277500901696,1112
C0090,65.12873634585281,4.012883666794448e-06,-0.4281223918494528,1111
C0091,65.83319441103973,4.083329649428096e-06,-0.4281220045454837,1110
C0092,66.54527217213125,4.154537603557134e-06,-0.42812161305228247,1109
C0093,67.26505204675956,4.226515770965384e-06,-0.42812121732453645,1108
C0094,67.99261734401831,4.299272482583038e-06,-0.42812081731644336,1107
C0095,68.72805227410527,4.372816159450925e-06,-0.4281204129817051,1106
C0096,69.4714419580687,4.4471553136951535e-06,-0.4281200042735231,1105
C0097,70.22287243765983,4.522298549512357e-06,-0.4281195911445924,1104
C0098,70.98243068529119,4.598254564165529e-06,-0.4281191735470965,1103
C0099,71.75020461410335,4.675032148990708e-06,-0.4281187514327016,1102
C0100,72.52628308813988,4.752640190414464e-06,-0.4281183247525511,1101
C0101,73.31075593263297,4.831087670982475e-06,-0.4281178934572601,1100
C0102,74.10371394439979,4.910383670399155e-06,-0.42811745749690927,1099
C0103,74.90524890235177,4.990537366578594e-06,-0.42811701682103964,1098
C0104,75.71545357811706,5.071558036706798e-06,-0.42811657137864617,1097
C0105,76.5344217467784,5.153455058315486e-06,-0.4281161211181724,1096
C0106,77.36224819772674,5.23623791036745e-06,-0.4281156659875039,1095
C0107,78.19902874563235,5.31991617435367e-06,-0.4281152059339629,1094
C0108,79.04486024153472,5.40449953540231e-06,-0.4281147409043015,1093
C0109,79.89984058405241,5.4899977833997e-06,-0.4281142708446963,1092
C0110,80.764068730714,5.5764208141234356e-06,-0.4281137957007411,1091
C0111,81.63764470941157,5.663778630387733e-06,-0.42811331541744174,1090
C0112,82.52066962997831,5.752081343201189e-06,-0.42811282993920907,1089
C0113,83.41324569589126,5.841339172937059e-06,-0.4281123392098527,1088
C0114,84.31547621610054,5.931562450516179e-06,-0.4281118431725742,1087
C0115,85.22746561698644,6.02276161860269e-06,-0.4281113417699612,1086
C0116,86.14931945444614,6.114947232812697e-06,-0.42811083494398,1085
C0117,87.08114442611111,6.208129962936018e-06,-0.4281103226359694,1084
C0118,88.02304838369632,6.302320594171117e-06,-0.4281098047866335,1083
C0119,88.97514034548335,6.397530028373406e-06,-0.42810928133603526,1082
C0120,89.93753050893855,6.493769285317068e-06,-0.42810875222358913,1081
C0121,90.91033026346734,6.5910495039704945e-06,-0.42810821738805444,1080
C0122,91.89365220330694,6.689381943785554e-06,-0.4281076767675279,1079
C0123,92.88761014055818,6.788777986000783e-06,-0.4281071302994368,1078
C0124,93.89231911835833,6.889249134958671e-06,-0.42810657792053164,1077
C0125,94.90789542419652,6.990807019437201e-06,-0.42810601956687866,1076
C0126,95.93445660337329,7.093463393995814e-06,-0.4281054551738526,1075
C0127,96.97212147260544,7.197230140335894e-06,-0.42810488467612934,1074
C0128,98.02101013377803,7.3021192686759754e-06,-0.4281043080076779,1073
C0129,99.08124398784553,7.408142919141851e-06,-0.4281037251017534,1072
C0130,100.15294574888291,7.5153133631717e-06,-0.42810313589088883,1071
C0131,101.23623945828906,7.6236430049364185e-06,-0.42810254030688744,1070
C0132,102.33125049914318,7.733144382775276e-06,-0.428101938280815,1069
C0133,103.43810561071751,7.843830170647177e-06,-0.42810132974299137,1068
C0134,104.55693290314609,7.955713179597558e-06,-0.4281007146229829,1067
C0135,105.68786187225265,8.068806359241163e-06,-0.42810009284959416,1066
C0136,106.83102341453885,8.183122799260883e-06,-0.4280994643508596,1065
C0137,107.98654984233413,8.29867573092274e-06,-0.4280988290540351,1064
C0138,109.15457489911054,8.415478528607376e-06,-0.42809818688559,1063
C0139,110.33523377496222,8.533544711358e-06,-0.42809753777119797,1062
C0140,111.52866312225214,8.652887944445074e-06,-0.42809688163572907,1061
C0141,112.73500107142986,8.773522040948088e-06,-0.4280962184032404,1060
C0142,113.9543872470175,8.895460963354158e-06,-0.42809554799696803,1059
C0143,115.1869627837714,9.018718825174203e-06,-0.4280948703393173,1058
C0144,116.43287034301714,9.143309892576446e-06,-0.42809418535185456,1057
C0145,117.69225412916093,9.269248586037558e-06,-0.42809349295529747,1056
C0146,118.96525990638104,9.396549482011808e-06,-0.42809279306950665,1055
C0147,120.25203501549835,9.525227314618122e-06,-0.4280920856134754,1054
C0148,121.55272839103013,9.655296977345456e-06,-0.42809137050532103,1053
C0149,122.86749057842817,9.78677352477663e-06,-0.4280906476622752,1052
C0150,124.19647375150278,9.919672174330713e-06,-0.4280899170006744,1051
C0151,125.53983173003651,1.0054008308024422e-05,-0.42808917843594974,1050
C0152,126.89771999758727,1.0189797474252413e-05,-0.42808843188261825,1049
C0153,128.270295719484,1.0327055389586875e-05,-0.42808767725427177,1048
C0154,129.65771776101815,1.0465797940596666e-05,-0.42808691446356795,1047
C0155,131.0601467058305,1.0606041185686014e-05,-0.4280861434222194,1046
C0156,132.47774487449792,1.0747801356953184e-05,-0.4280853640409839,1045
C0157,133.91067634332052,1.0891094862069207e-05,-0.428084576229654,1044
C0158,135.35910696331203,1.1035938286176918e-05,-0.4280837798970465,1043
C0159,136.8232043793964,1.1182348393810624e-05,-0.4280829749509918,1042
C0160,138.30313804981114,1.1330342130836442e-05,-0.42808216129832355,1041
C0161,139.79907926572025,1.147993662641359e-05,-0.42808133884486754,1040
C0162,141.31120117104143,1.163114919497713e-05,-0.428080507495431,1039
C0163,142.83967878248413,1.1783997338241758e-05,-0.4280796671537915,1038
C0164,144.3846890098081,1.1938498747227679e-05,-0.42807881772268574,1037
C0165,145.9464106762987,1.2094671304308132e-05,-0.4280779591037987,1036
C0166,147.525024539464,1.2252533085279113e-05,-0.4280770911977516,1035
C0167,149.12071331195685,1.2412102361451588e-05,-0.4280762139040908,1034
C0168,150.73366168272196,1.25733976017662e-05,-0.4280753271212762,1033
C0169,152.36405633837245,1.2736437474930931e-05,-0.4280744307466694,1032
C0170,154.01208598479755,1.2901240851581884e-05,-0.42807352467652177,1031
C0171,155.67794136900324,1.306782680646734e-05,-0.4280726088059626,1030
C0172,157.3618153011907,1.323621462065562e-05,-0.4280716830289866,1029
C0173,159.06390267707212,1.3406423783766671e-05,-0.42807074723844235,1028
C0174,160.78440050042818,1.3578473996227808e-05,-0.42806980132601885,1027
C0175,162.52350790591038,1.3752385171553967e-05,-0.4280688451822341,1026
C0176,164.2814261820889,1.3928177438652485e-05,-0.4280678786964215,1025
C0177,166.05835879475046,1.4105871144152906e-05,-0.4280669017567177,1024
C0178,167.85451141044794,1.428548685476193e-05,-0.42806591425004925,1023
C0179,169.67009192030423,1.4467045359643822e-05,-0.4280649160621197,1022
C0180,171.50531046407494,1.4650567672826676e-05,-0.4280639070773964,1021
C0181,173.36037945447012,1.4836075035634602e-05,-0.4280628871790969,1020
C0182,175.23551360173877,1.5023588919146175e-05,-0.42806185624917564,1019
C0183,177.13092993852106,1.5213131026679673e-05,-0.4280608141683103,1018
C0184,179.04684784496752,1.540472329630499e-05,-0.42805976081588787,1017
C0185,180.98348907413077,1.5598387903382835e-05,-0.42805869606999075,1016
C0186,182.941077777632,1.5794147263131358e-05,-0.4280576198073826,1015
C0187,184.91984053160405,1.5992024033220488e-05,-0.4280565319034942,1014
C0188,186.92000636291704,1.6192041116394496e-05,-0.42805543223240883,1013
C0189,188.94180677568568,1.6394221663122725e-05,-0.4280543206668479,1012
C0190,190.98547577806445,1.6598589074279132e-05,-0.4280531970781559,1011
C0191,193.05124990933237,1.6805167003850747e-05,-0.4280520613362862,1010
C0192,195.13936826726982,1.7013979361675387e-05,-0.428050913309785,1009
C0193,197.25007253583362,1.722505031620915e-05,-0.42804975286577707,1008
C0194,199.38360701312942,1.7438404297323686e-05,-0.4280485798699496,1007
C0195,201.5402186396868,1.7654065999133676e-05,-0.42804739418653726,1006
C0196,203.72015702704203,1.787206038285516e-05,-0.42804619567830615,1005
C0197,205.9236744866278,1.809241267969448e-05,-0.4280449842065379,1004
C0198,208.15102605897664,1.8315148393768648e-05,-0.4280437596310138,1003
C0199,210.40246954324024,1.8540293305057286e-05,-0.4280425218099985,1002
C0200,212.6782655270267,1.876787347238635e-05,-0.4280412706002237,1001
C0201,214.97867741656304,1.8997915236444396e-05,-0.42804000585687096,1000
C0202,217.3039714671818,1.923044522283124e-05,-0.42803872743355603,999
C0203,219.65441681413733,1.9465490345139595e-05,-0.428037435182311,998
C0204,222.03028550375763,1.9703077808070284e-05,-0.4280361289535675,997
C0205,224.4318525249307,1.9943235110580844e-05,-0.4280348085961394,996
C0206,226.85939584093262,2.0185990049068384e-05,-0.42803347395720537,995
C0207,229.31319642160008,2.043137072058681e-05,-0.42803212488229087,994
C0208,231.7935382758494,2.0679405526098754e-05,-0.4280307612152507,993
C0209,234.30070848454992,2.0930123173762925e-05,-0.42802938279825076,992
C0210,236.83499723375056,2.1183552682256762e-05,-0.42802798947174964,991
C0211,239.39669784826677,2.1439723384135137e-05,-0.4280265810744802,990
C0212,241.98610682563105,2.1698664929225427e-05,-0.42802515744343117,989
C0213,244.60352387040922,2.196040728805914e-05,-0.42802371841382797,988
C0214,247.24925192889046,2.2224980755340933e-05,-0.42802226381911385,987
C0215,249.92359722415037,2.249241595345492e-05,-0.4280207934909303,986
C0216,252.62686929149294,2.2762743836008884e-05,-0.428019307259098,985
C0217,255.35938101427968,2.3035995691417197e-05,-0.42801780495159686,984
C0218,258.12144866014,2.331220314652187e-05,-0.428016286394546,983
C0219,260.9133919175796,2.3591398170253386e-05,-0.4280147514121839,982
C0220,263.73553393298096,2.3873613077330788e-05,-0.42801319982684805,981
C0221,266.5882013480044,2.4158880532001772e-05,-0.4280116314589541,980
C0222,269.47172433739576,2.4447233551823455e-05,-0.4280100461269752,979
C0223,272.38643664720104,2.4738705511483882e-05,-0.42800844364742124,978
C0224,275.33267563339393,2.503333014666476e-05,-0.4280068238348172,977
C0225,278.3107823009249,2.5331141557946387e-05,-0.428005186501682,976
C0226,281.3211013431867,2.5632174214754206e-05,-0.4280035314585068,975
C0227,284.3639811819123,2.593646295934863e-05,-0.4280018585137326,974
C0228,287.43977400750174,2.62440430108577e-05,-0.4280001674737288,973
C0229,290.54883581978396,2.655494996935332e-05,-0.42799845814277027,972
C0230,293.69152646922333,2.6869219819971883e-05,-0.4279967303230149,971
C0231,296.86820969856865,2.7186888937079207e-05,-0.4279949838144804,970
C0232,300.0792531849521,2.7507994088480433e-05,-0.42799321841502175,969
C0233,303.3250285824489,2.783257243967599e-05,-0.42799143392030714,968
C0234,306.60591156508895,2.816066155816279e-05,-0.4279896301237949,967
C0235,309.9222818703415,2.8492299417782696e-05,-0.42798780681670906,966
C0236,313.27452334306616,2.8827524403117623e-05,-0.4279859637880156,965
C0237,316.66302397993815,2.91663753139321e-05,-0.42798410082439786,964
C0238,320.08817597435984,2.950889136966441e-05,-0.4279822177102319,963
C0239,323.5503757618499,2.9855112213965528e-05,-0.4279803142275614,962
C0240,327.05002406593076,3.0205077919287873e-05,-0.42797839015607253,961
C0241,330.58752594450834,3.055882899152331e-05,-0.4279764452730686,960
C0242,334.1632908367536,3.0916406374691296e-05,-0.42797447935344407,959
C0243,337.7777326104937,3.1277851455678e-05,-0.42797249216965855,958
C0244,341.43126961011313,3.164320606902649e-05,-0.4279704834917105,957
C0245,345.1243247049729,3.201251250177854e-05,-0.4279684530871105,956
C0246,348.8573253383578,3.238581349836953e-05,-0.4279664007208547,955
C0247,352.6307035769452,3.276315226557519e-05,-0.4279643261553971,954
C0248,356.4448961608174,3.314457247751293e-05,-0.4279622291506223,953
C0249,360.3003445540091,3.353011828069661e-05,-0.427960109463818,952
C0250,364.197494995603,3.391983429914605e-05,-0.4279579668496463,951
C0251,368.13679855138065,3.431376563955217e-05,-0.4279558010601157,950
C0252,372.1187111660287,3.471195789649761e-05,-0.42795361184455255,949
C0253,376.1436937159095,3.5114457157733845e-05,-0.42795139894957157,948
C0254,380.2122120624084,3.552131000951586e-05,-0.4279491621190469,947
C0255,384.3247371058484,3.593256354199369e-05,-0.4279469010940821,946
C0256,388.4817448399973,3.634826535466312e-05,-0.42794461561298086,945
C0257,392.68371640715907,3.676846356187481e-05,-0.42794230541121575,944
C0258,396.9311381538606,3.7193206798403056e-05,-0.4279399702213984,943
C0259,401.22450168714744,3.7622544225075304e-05,-0.4279376097732483,942
C0260,405.56430393147747,3.805652553446158e-05,-0.4279352237935612,941
C0261,409.95104718624106,3.84952009566265e-05,-0.42793281200617794,940
C0262,414.38523918389654,3.8938621264942817e-05,-0.4279303741319525,939
C0263,418.86739314873535,3.938683778196799e-05,-0.4279279098887192,938
C0264,423.39802785628615,3.983990238538458e-05,-0.42792541899126046,937
C0265,427.97766769335806,4.029786751400459e-05,-0.4279229011512736,936
C0266,432.6068427187329,4.076078617383872e-05,-0.42792035607733786,935
C0267,437.2860887245199,4.122871194423185e-05,-0.4279177834748799,934
C0268,442.01594729816384,4.1701698984063846e-05,-0.4279151830461405,933
C0269,446.7969658851344,4.2179802038018536e-05,-0.4279125544901396,932
C0270,451.629697852287,4.2663076442919806e-05,-0.4279098975026416,931
C0271,456.5147025519096,4.3151578134136295e-05,-0.42790721177612034,930
C0272,461.4525453864662,4.3645363652055754e-05,-0.42790449699972316,929
C0273,466.44379787403665,4.414449014862904e-05,-0.42790175285923515,928
C0274,471.48903771446345,4.464901539398483e-05,-0.4278989790370428,927
C0275,476.5888488562215,4.5158997783116604e-05,-0.42789617521209705,926
C0276,481.74382156399906,4.5674496342640765e-05,-0.4278933410598763,925
C0277,486.9545524870217,4.619557073762901e-05,-0.4278904762523489,924
C0278,492.22164472810806,4.6722281278514e-05,-0.4278875804579348,923
C0279,497.54570791347237,4.725468892806956e-05,-0.42788465334146775,922
C0280,502.92735826328953,4.7792855308467225e-05,-0.42788169456415603,921
C0281,508.36721866301133,4.8336842708407904e-05,-0.4278787037835436,920
C0282,513.8659187354656,4.888671409033179e-05,-0.4278756806534699,919
C0283,519.424094913729,4.944253309770565e-05,-0.4278726248240307,918
C0284,525.0423905147873,5.000436406238888e-05,-0.4278695359415367,917
C0285,530.7214558139977,5.057227201207981e-05,-0.4278664136484729,916
C0286,536.4619481203521,5.11463226778419e-05,-0.4278632575834575,915
C0287,542.2645318525528,5.172658250171153e-05,-0.42786006738119986,914
C0288,548.1298786159203,5.2313118644388644e-05,-0.427856842672458,913
C0289,554.0586672801195,5.290599899300943e-05,-0.42785358308399624,912
C0290,560.0515840577386,5.3505292169004285e-05,-0.4278502882385418,911
C0291,566.1093225837118,5.411106753604002e-05,-0.4278469577547412,910
C0292,572.2325839956,5.4723395208048014e-05,-0.42784359124711596,909
C0293,578.4220770147458,5.5342346057339725e-05,-0.4278401883260183,908
C0294,584.6785180283014,5.5967991722809445e-05,-0.4278367485975856,907
C0295,591.002631172142,5.660040461822574e-05,-0.4278332716636954,906
C0296,597.3951484146855,5.723965794061341e-05,-0.42782975712191873,905
C0297,603.856809641605,5.788582567872469e-05,-0.42782620456547393,904
C0298,610.3883627414704,5.853898262160359e-05,-0.4278226135831793,903
C0299,616.9905636923089,5.919920436724181e-05,-0.4278189837594058,902
C0300,623.6641766491017,5.98665673313285e-05,-0.42781531467402867,901
C0301,630.4099740322355,6.0541148756095436e-05,-0.4278116059023789,900
C0302,637.2287366168954,6.122302671925633e-05,-0.4278078570151941,899
C0303,644.1212536234414,6.191228014304449e-05,-0.4278040675785689,898
C0304,651.0883228087515,6.260898880334717e-05,-0.42780023715390464,897
C0305,658.1307505585546,6.331323333893881e-05,-0.42779636529785847,896
C0306,665.2493519807672,6.402509526081487e-05,-0.4277924515622923,895
C0307,672.4449509998337,6.474465696162578e-05,-0.42778849549422066,894
C0308,679.7183804520877,6.547200172521308e-05,-0.4277844966357585,893
C0309,687.0704821821529,6.620721373624963e-05,-0.4277804545240682,892
C0310,694.5021071403715,6.695037808998238e-05,-0.42777636869130575,891
C0311,702.0141154813025,6.770158080208226e-05,-0.4277722386645669,890
C0312,709.6073766632753,6.846090881859958e-05,-0.427768063965832,889
C0313,717.2827695490212,6.922845002602718e-05,-0.4277638441119112,888
C0314,725.0411825073986,7.000429326147301e-05,-0.4277595786143884,887
C0315,732.8835135162141,7.078852832294221e-05,-0.4277552669795643,886
C0316,740.8106702661522,7.158124597973017e-05,-0.4277509087083996,885
C0317,748.8235702658433,7.238253798292928e-05,-0.42774650329645736,884
C0318,756.9231409480468,7.319249707604737e-05,-0.42774205023384443,883
C0319,765.1103197770034,7.401121700574285e-05,-0.4277375490051522,882
C0320,773.3860543569363,7.483879253267496e-05,-0.4277329990893976,881
C0321,781.7513025417256,7.567531944247117e-05,-0.42772839995996204,880
C0322,790.2070325457827,7.652089455681466e-05,-0.4277237510845309,879
C0323,798.754223056101,7.737561574464945e-05,-0.4277190519250321,878
C0324,807.3938633455415,7.823958193350898e-05,-0.42771430193757337,877
C0325,816.1269533873301,7.911289312096581e-05,-0.4277095005723792,876
C0326,824.9545039707945,7.999565038620542e-05,-0.427704647273728,875
C0327,833.8775368183602,8.088795590172578e-05,-0.42769974147988693,874
C0328,842.8970847038054,8.17899129451629e-05,-0.4276947826230474,873
C0329,852.0141915717921,8.2701625911244e-05,-0.42768977012925913,872
C0330,861.2299126587058,8.362320032387139e-05,-0.4276847034183637,871
C0331,870.5453146147777,8.455474284833489e-05,-0.4276795819039275,870
C0332,879.9614756275517,8.549636130365843e-05,-0.42767440499317405,869
C0333,889.4794855466731,8.6448164675079e-05,-0.42766917208691463,868
C0334,899.1004460100271,8.741026312666052e-05,-0.4276638825794801,867
C0335,908.8254705712513,8.838276801404516e-05,-0.42765853585864966,866
C0336,918.655684828618,8.936579189734153e-05,-0.4276531313055808,865
C0337,928.5922265553096,9.035944855415235e-05,-0.42764766829473716,864
C0338,938.6362458311186,9.136385299274434e-05,-0.4276421461938165,863
C0339,948.7889051755463,9.23791214653583e-05,-0.4276365643636773,862
C0340,959.0513796823673,9.340537148166543e-05,-0.42763092215826465,861
C0341,969.4248571556327,9.444272182236783e-05,-0.4276252189245359,860
C0342,979.9105382471474,9.549129255294613e-05,-0.4276194540023848,859
C0343,990.5096365954422,9.655120503755682e-05,-0.42761362672456504,858
C0344,1001.223378966239,9.762258195307878e-05,-0.4276077364166132,857
C0345,1012.0530053944412,9.870554730331238e-05,-0.4276017823967704,856
C0346,1022.9997693276591,9.980022643333199e-05,-0.42759576397590376,855
C0347,1034.0649377712828,0.00010090674604399339,-0.42758968045742657,854
C0348,1045.2497914351352,0.00010202523420659903,-0.42758353113721737,853
C0349,1056.5556248817009,0.00010315582037772103,-0.42757731530353865,852
C0350,1067.9837466759575,0.00010429863541418428,-0.42757103223695453,851
C0351,1079.5354795368453,0.0001054538115882135,-0.42756468121024754,850
C0352,1091.2121604903455,0.00010662148260274105,-0.42755826148833415,849
C0353,1103.0151410242433,0.00010780178360688335,-0.4275517723281799,848
C0354,1114.9457872445482,0.00010899485121158285,-0.4275452129787135,847
C0355,1127.005480033607,0.00011020082350541946,-0.42753858268073974,846
C0356,1139.1956152099374,0.00011141984007059391,-0.4275318806668515,845
C0357,1151.5176036897797,0.00011265204199908297,-0.42752510616134126,844
C0358,1163.9728716503955,0.00011389757190896933,-0.4275182583801111,843
C0359,1176.5628606951498,0.00011515657396094987,-0.42751133653058193,842
C0360,1189.2890280203487,0.00011642919387501956,-0.4275043398116019,841
C0361,1202.1528465839126,0.00011771557894733863,-0.42749726741335353,840
C0362,1215.1558052758548,0.00011901587806728065,-0.42749011851725993,839
C0363,1228.299409090606,0.00012033024173466494,-0.4274828922958905,838
C0364,1241.5851793012127,0.00012165882207717647,-0.42747558791286444,837
C0365,1255.0146536354093,0.0001230017728679731,-0.42746820452275447,836
C0366,1268.5893864535983,0.0001243592495434837,-0.427460741270989,835
C0367,1282.3109489287583,0.0001257314092213989,-0.4274531972937528,834
C0368,1296.1809292282896,0.00012711841071885577,-0.42744557171788733,833
C0369,1310.2009326978407,0.00012852041457082049,-0.42743786366078973,832
C0370,1324.372582047111,0.00012993758304866873,-0.4274300722303106,831
C0371,1338.6975175376615,0.00013137008017896659,-0.4274221965246505,830
C0372,1353.1773971727782,0.00013281807176245724,-0.42741423563225583,829
C0373,1367.8138968893538,0.00013428172539324887,-0.4274061886317135,828
C0374,1382.6087107518802,0.0001357612104782142,-0.4273980545916437,827
C0375,1397.563551148518,0.00013725669825659744,-0.42738983257059265,826
C0376,1412.6801489892887,0.00013876836181983342,-0.42738152161692344,825
C0377,1427.9602539064222,0.00014029637613158254,-0.42737312076870587,824
C0378,1443.40563445686,0.00014184091804798113,-0.427364629053605,823
C0379,1459.0180783269464,0.0001434021663381105,-0.42735604548876893,822
C0380,1474.799392539355,0.00014498030170468975,-0.4273473690807147,821
C0381,1490.7514036622188,0.0001465755068049889,-0.42733859882521347,820
C0382,1506.8759580205567,0.00014818796627197135,-0.4273297337071743,819
C0383,1523.1749219099665,0.0001498178667356635,-0.4273207727005267,818
C0384,1539.6501818126292,0.00015146539684475502,-0.42731171476810165,817
C0385,1556.3036446156652,0.00015313074728843474,-0.42730255886151164,816
C0386,1573.1372378318356,0.0001548141108184606,-0.4272933039210297,815
C0387,1590.1529098226383,0.00015651568227146952,-0.42728394887546617,814
C0388,1607.3526300238186,0.00015823565859152835,-0.4272744926420451,813
C0389,1624.7383891733093,0.00015997423885292806,-0.4272649341262787,812
C0390,1642.3121995416539,0.00016173162428322608,-0.4272552722218409,811
C0391,1660.0760951649067,0.00016350801828653638,-0.427245505810439,810
C0392,1678.0321320800508,0.00016530362646707125,-0.42723563376168466,809
C0393,1696.182388562986,0.00016711865665294023,-0.4272256549329626,808
C0394,1714.5289653690518,0.00016895331892020248,-0.42721556816929857,807
C0395,1733.0739859761916,0.0001708078256171832,-0.4272053723032258,806
C0396,1751.819596830722,0.00017268239138905068,-0.42719506615464964,805
C0397,1770.767967595764,0.00017457723320265942,-0.42718464853071114,804
C0398,1789.9212914023744,0.00017649257037166338,-0.42717411822564877,803
C0399,1809.2817851033797,0.00017842862458189942,-0.42716347402065924,802
C0400,1828.8516895299513,0.00018038561991704492,-0.427152714683756,801
C0401,1848.6332697509877,0.00018236378288455599,-0.42714183896962693,800
C0402,1868.6288153352505,0.00018436334244188116,-0.4271308456194901,799
C0403,1888.8406406163872,0.00018638453002296377,-0.4271197333609481,798
C0404,1909.2710849607888,0.0001884275795650278,-0.42710850090784086,797
C0405,1929.9225130383495,0.0001904927275356538,-0.4270971469600966,796
C0406,1950.7973150961702,0.0001925802129601494,-0.42708567020358146,795
C0407,1971.8979072352035,0.000194690277449214,-0.42707406930994735,794
C0408,1993.226731689902,0.00019682316522690325,-0.4270623429364784,793
C0409,2014.7862571108901,0.0001989791231588969,-0.4270504897259351,792
C0410,2036.5789788506831,0.00020115840078107028,-0.4270385083063979,791
C0411,2058.607419252519,0.0002033612503283777,-0.4270263972911078,790
C0412,2080.874127942293,0.0002055879267640462,-0.42701415527830605,789
C0413,2103.3816821236496,0.0002078386878090845,-0.4270017808510719,788
C0414,2126.1326868762994,0.00021011379397211486,-0.42698927257715874,787
C0415,2149.129775457505,0.00021241350857952192,-0.4269766290088282,786
C0416,2172.3756096068846,0.00021473809780593297,-0.4269638486826826,785
C0417,2195.8728798544826,0.000217087830705025,-0.4269509301194954,784
C0418,2219.6243058321675,0.00021946297924066484,-0.4269378718240405,783
C0419,2243.632636588426,0.0002218638183183884,-0.4269246722849186,782
C0420,2267.9006509065343,0.000224290625817218,-0.42691132997438247,781
C0421,2292.4311576261744,0.00022674368262182398,-0.42689784334816033,780
C0422,2317.226995968561,0.00022922327265503773,-0.42688421084527683,779
C0423,2342.2910358650274,0.00023172968291071,-0.42687043088787263,778
C0424,2367.626178289224,0.0002342632034869311,-0.42685650188102153,777
C0425,2393.235355592875,0.00023682412761960654,-0.42684242221254587,776
C0426,2419.1215318451677,0.00023941275171639607,-0.42682819025283036,775
C0427,2445.2877031758385,0.00024202937539102233,-0.42681380435463295,774
C0428,2471.7368981219383,0.0002446743014979476,-0.42679926285289427,773
C0429,2498.472177978369,0.0002473478361674273,-0.4267845640645451,772
C0430,2525.496637152207,0.0002500502888409428,-0.42676970628831173,771
C0431,2552.8134035208427,0.00025278197230701506,-0.42675468780451836,770
C0432,2580.4256387940395,0.0002555432027374108,-0.4267395068748888,769
C0433,2608.336538879843,0.0002583342997237336,-0.42672416174234495,768
C0434,2636.5493342544987,0.00026115558631441564,-0.42670865063080343,767
C0435,2665.067290336372,0.00026400738905210983,-0.4266929717449699,766
C0436,2693.8937078638637,0.0002668900380114814,-0.4266771232701316,765
C0437,2723.0319232774605,0.00026980386683741315,-0.42666110337194707,764
C0438,2752.48530910592,0.000272749212783624,-0.42664491019623385,763
C0439,2782.2572743565775,0.0002757264167516996,-0.42662854186875404,762
C0440,2812.351264909957,0.000278735823330554,-0.426611996494997,761
C0441,2842.770763918566,0.0002817777808363087,-0.4265952721599605,760
C0442,2873.519292210062,0.0002848526413526096,-0.42657836692792883,759
C0443,2904.600408694777,0.0002879607607713796,-0.426561278842249,758
C0444,2936.017710777604,0.00029110249883400747,-0.4265440059251038,757
C0445,2967.774834774382,0.0002942782191729861,-0.4265265461772832,756
C0446,2999.875456332793,0.00029748828935400267,-0.42650889757795324,755
C0447,3032.323290857749,0.0003007330809184772,-0.42649105808442145,754
C0448,3065.122093941468,0.00030401296942657037,-0.42647302563190104,753
C0449,3098.2756617981145,0.0003073283345006477,-0.4264547981332716,752
C0450,3131.787831703201,0.0003106795598692198,-0.42643637347883745,751
C0451,3165.662482437742,0.00031406703341135773,-0.42641774953608386,750
C0452,3199.9035347371496,0.00031749114720158294,-0.4263989241494299,749
C0453,3234.514951745081,0.000320952297555252,-0.426379895139979,748
C0454,3269.500739472095,0.00032445088507442217,-0.42636066030526665,747
C0455,3304.864947259341,0.00032798731469422084,-0.42634121741900594,746
C0456,3340.611668247255,0.0003315619957297148,-0.4263215642308292,745
C0457,3376.745039849272,0.000335175341923282,-0.42630169846602817,744
C0458,3413.269244230722,0.00033882777149250095,-0.4262816178252904,743
C0459,3450.1885087929018,0.0003425197071785581,-0.42626131998443295,742
C0460,3487.5071066623186,0.0003462515762951726,-0.426240802594134,741
C0461,3525.2293571853265,0.0003500238107780596,-0.4262200632796601,740
C0462,3563.35962642801,0.0003538368472349191,-0.4261990996405921,739
C0463,3601.902327681544,0.0003576911269959719,-0.42617790925054677,738
C0464,3640.8619219730217,0.0003615870961650426,-0.4261564896568963,737
C0465,3680.2429185817386,0.00036552520567118804,-0.42613483838048416,736
C0466,3720.0498755611334,0.00036950591132089164,-0.4261129529153383,735
C0467,3760.2874002663666,0.0003735296738508213,-0.4260908307283812,734
C0468,3800.960149887537,0.00037759695898115117,-0.4260684692591366,733
C0469,3842.0728319887785,0.0003817082374694715,-0.42604586591943283,732
C0470,3883.6302050530667,0.0003858639851652696,-0.4260230180931039,731
C0471,3925.637079033005,0.00039006468306500817,-0.425999923135686,730
C0472,3968.0983159075627,0.0003943108173677997,-0.4259765783741121,729
C0473,4011.018830244756,0.0003986028795316744,-0.425952981106402,728
C0474,4054.403589770536,0.00040294136633046946,-0.42592912860134985,727
C0475,4098.257615943712,0.000407326779911321,-0.4259050180982081,726
C0476,4142.585984537168,0.0004117596278527864,-0.42588064680636767,725
C0477,4187.393826225372,0.0004162404232235953,-0.42585601190503536,724
C0478,4232.686327178163,0.0004207696846420279,-0.4258311105429071,723
C0479,4278.468729661036,0.00042534793633594445,-0.4258059398378379,722
C0480,4324.74633264192,0.00042997570820346254,-0.42578049687650843,721
C0481,4371.524492404432,0.0004346535358742829,-0.4257547787140878,720
C0482,4418.8086231679,0.00043938196077169194,-0.4257287823738925,719
C0483,4466.604197713952,0.00044416153017522067,-0.4257025048470423,718
C0484,4514.91674801998,0.00044899279728399127,-0.4256759430921115,717
C0485,4563.751865899447,0.00045387632128074786,-0.4256490940347772,716
C0486,4613.1152036490475,0.00045881266739657324,-0.4256219545674635,715
C0487,4663.012474702941,0.00046380240697631157,-0.4255945215489817,714
C0488,4713.449454294074,0.0004688461175447012,-0.4255667918041666,713
C0489,4764.431980122543,0.00047394438287321145,-0.42553876212350944,712
C0490,4815.965953031351,0.00047909779304761775,-0.42551042926278604,711
C0491,4868.0573376893135,0.0004843069445362927,-0.42548178994268127,710
C0492,4920.712163281452,0.0004895724402592459,-0.42545284084840984,709
C0493,4973.936524206859,0.00049489488965791,-0.4254235786293323,708
C0494,5027.736580784005,0.0005002749087656724,-0.4253939998985674,707
C0495,5082.118559963837,0.0005057131202791844,-0.4253641012326001,706
C0496,5137.088756050421,0.0005112101536304261,-0.4253338791708853,705
C0497,5192.653531429497,0.0005167666450595624,-0.4253033302154471,704
C0498,5248.819317304907,0.0005223832376885849,-0.42527245083047427,703
C0499,5305.592614442893,0.0005280605815957433,-0.4252412374419108,702
C0500,5362.979993924548,0.0005337993338907895,-0.4252096864370423,701
C0501,5420.988097906395,0.0005396001587910364,-0.4251777941640779,700
C0502,5479.623640389099,0.0005454637276982291,-0.4251455569317274,699
C0503,5538.893407994641,0.0005513907192762623,-0.4251129710087742,698
C0504,5598.804260751748,0.0005573818195297236,-0.4250800326236434,697
C0505,5659.363132889917,0.0005634377218832965,-0.42504673796396525,696
C0506,5720.57703364204,0.0005695591272620222,-0.425013083176134,695
C0507,5782.453048055594,0.0005757467441724198,-0.4249790643648616,694
C0508,5844.998337812724,0.0005820012887844943,-0.4249446775927272,693
C0509,5908.220142059181,0.0005883234850146306,-0.4249099188797212,692
C0510,5972.125778242125,0.000594714064609374,-0.42487478420278446,691
C0511,6036.722642957153,0.0006011737672301334,-0.42483926949534323,690
C0512,6102.018212804314,0.0006077033405387827,-0.42480337064683776,689
C0513,6168.020045253514,0.0006143035402842021,-0.424767083502247,688
C0514,6234.73577951926,0.000620975130389752,-0.42473040386160765,687
C0515,6302.173137444769,0.0006277188830416845,-0.4246933274795278,686
C0516,6370.339924395801,0.000634535578778527,-0.42465585006469575,685
C0517,6439.244030163992,0.0006414260065814156,-0.4246179672793833,684
C0518,6508.893429880069,0.0006483909639654168,-0.42457967473894365,683
C0519,6579.296184936955,0.0006554312570718381,-0.42454096801130387,682
C0520,6650.460443922733,0.0006625477007615252,-0.42450184261645224,681
C0521,6722.394443563828,0.0006697411187091796,-0.4244622940259192,680
C0522,6795.106509678377,0.0006770123434986964,-0.4244223176622536,679
C0523,6868.605058139794,0.0006843622167195212,-0.4243819088984927,678
C0524,6942.898595850952,0.0006917915890640679,-0.42434106305762676,677
C0525,7017.995721728691,0.0006993013204261701,-0.4242997754120577,676
C0526,7093.905127699123,0.0007068922800006123,-0.42425804118305177,675
C0527,7170.6355997037,0.0007145653463837359,-0.42421585554018676,674
C0528,7248.196018716034,0.0007223214076751226,-0.4241732136007923,673
C0529,7326.595361769844,0.0007301613615803884,-0.4241301104293857,672
C0530,7405.842702998029,0.0007380861155150917,-0.42408654103709964,671
C0531,7485.947214682822,0.000746096586709749,-0.42404250038110564,670
C0532,7566.918168317532,0.000754193702316009,-0.4239979833640296,669
C0533,7648.76493567955,0.0007623783995139538,-0.4239529848333626,668
C0534,7731.496989915098,0.0007706516256205739,-0.42390749958086377,667
C0535,7815.123906635728,0.0007790143381994183,-0.42386152234195834,666
C0536,7899.655365026517,0.0007874675051714146,-0.42381504779512735,665
C0537,7985.10114896648,0.0007960121049269103,-0.4237680705612925,664
C0538,8071.471148160875,0.0008046491264389036,-0.4237205852031931,663
C0539,8158.775359285906,0.000813379569377514,-0.42367258622475706,662
C0540,8247.023887145817,0.0008222044442256922,-0.4236240680704644,661
C0541,8336.226945842342,0.0008311247723961652,-0.4235750251247046,660
C0542,8426.394859956961,0.0008401415863496619,-0.42352545171112643,659
C0543,8517.538065745948,0.0008492559297144191,-0.42347534209198107,658
C0544,8609.667112348168,0.0008584688574069604,-0.4234246904674579,657
C0545,8702.792663006192,0.0008677814357542086,-0.4233734909750132,656
C0546,8796.925496300371,0.0008771947426168936,-0.4233217376886919,655
C0547,8892.076507396432,0.000886709867514312,-0.42326942461844114,654
C0548,8988.256709306552,0.0008963279117504345,-0.42321654570941747,653
C0549,9085.477234163936,0.000906049988541365,-0.4231630948412859,652
C0550,9183.749334511325,0.0009158772231441904,-0.4231090658275114,651
C0551,9283.08438460345,0.0009258107529872274,-0.42305445241464307,650
C0552,9383.493881723385,0.000935851727801658,-0.42299924828159,649
C0553,9484.989447513426,0.000946001309754617,-0.42294344703889003,648
C0554,9587.58282932007,0.000956260673583691,-0.42288704222797013,647
C0555,9691.285901553736,0.0009666310067328904,-0.4228300273203986,646
C0556,9796.11066706321,0.0009771135094900948,-0.42277239571712977,645
C0557,9902.069258524736,0.0009877093951259615,-0.4227141407477401,644
C0558,10009.17393984644,0.000998419890034369,-0.422655255669656,643
C0559,10117.437107587652,0.00100924623387435,-0.42259573366737374,642
C0560,10226.871292393766,0.001020189679713576,-0.4225355678516704,641
C0561,10337.489160446641,0.0010312514941733996,-0.42247475125880624,640
C0562,10449.30351493048,0.001042432957575442,-0.42241327684971924,639
C0563,10562.327297513768,0.001053735364089787,-0.42235113750921016,638
C0564,10676.573589847245,0.0010651600218847793,-0.4222883260451187,637
C0565,10792.055615077843,0.0010767082532784176,-0.4222248351874914,636
C0566,10908.786739379353,0.0010883813948914225,-0.4221606575877403,635
C0567,11026.780473499299,0.0011001807978019244,-0.42209578581779206,634
C0568,11146.050474322768,0.001112107827701846,-0.4220302123692284,633
C0569,11266.61054645317,0.0011241638650549798,-0.421963929652417,632
C0570,11388.474643809866,0.0011363503052567497,-0.4218969299956333,631
C0571,11511.65687124331,0.001148668558795728,-0.4218292056441719,630
C0572,11636.171486167648,0.0011611200514168934,-0.42176074875944985,629
C0573,11762.032900210728,0.0011737062242866336,-0.42169155141809905,628
C0574,11889.255680882346,0.00118642853415957,-0.42162160561104867,627
C0575,12017.854553260147,0.0011992884535471486,-0.42155090324259903,626
C0576,12147.844401694012,0.0012122874708880784,-0.421479436129484,625
C0577,12279.240271528892,0.001225427090720616,-0.42140719599992416,624
C0578,12412.057370846012,0.0012387088338566858,-0.4213341744926691,623
C0579,12546.311072223296,0.0012521342375579234,-0.4212603631560298,622
C0580,12682.01691451445,0.0012657048557135843,-0.42118575344690073,621
C0581,12819.19060464754,0.0012794222590204016,-0.4211103367297705,620
C0582,12957.84801944303,0.001293288035164391,-0.4210341042757227,619
C0583,13098.005207451255,0.001307303789004598,-0.4209570472614254,618
C0584,13239.678390809986,0.0013214711427588556,-0.4208791567681104,617
C0585,13382.883967122103,0.0013357917361915509,-0.4208004237805403,616
C0586,13527.63851135332,0.001350267226803399,-0.4207208391859652,615
C0587,13673.958777750806,0.0013648992900233056,-0.42064039377306844,614
C0588,13821.861701782193,0.0013796896194022677,-0.42055907823090005,613
C0589,13971.364402095795,0.0013946399268093964,-0.4204768831477991,612
C0590,14122.484182502058,0.0014097519426300624,-0.4203937990103043,611
C0591,14275.23853397617,0.0014250274159661569,-0.42030981620205327,610
C0592,14429.645136682595,0.0014404681148385465,-0.42022492500266906,609
C0593,14585.721862021508,0.0014560758263917168,-0.4201391155866354,608
C0594,14743.486774697069,0.0014718523571005996,-0.4200523780221594,607
C0595,14902.958134808516,0.001487799532979684,-0.41996470227002186,606
C0596,15064.154399963418,0.0015039191997943413,-0.41987607818241546,605
C0597,15227.094227414098,0.001520213223274468,-0.4197864955017704,604
C0598,15391.796476217165,0.0015366834893304397,-0.41969594385956666,603
C0599,15558.280209416083,0.001553331904271369,-0.4196044127751345,602
C0600,15726.564696247833,0.001570160395025771,-0.4195118916544408,601
C0601,15896.669414372955,0.0015871709093645688,-0.4194183697888635,600
C0602,16068.614052130037,0.001604365416126544,-0.4193238363539519,599
C0603,16242.418510814588,0.0016217459054462225,-0.41922828040817345,598
C0604,16418.102906982276,0.0016393143889842,-0.41913169089164787,597
C0605,16595.687574777352,0.0016570729001599855,-0.419034056624867,596
C0606,16775.19306828628,0.001675023494387364,-0.41893536630740047,595
C0607,16956.64016391649,0.0016931682493122723,-0.41883560851658813,594
C0608,17140.049862801356,0.0017115092650532983,-0.41873477170621787,593
C0609,17325.443393230664,0.0017300486644447274,-0.41863284420518904,592
C0610,17512.842213107764,0.0017487885932822595,-0.41852981421616203,591
C0611,17702.26801243323,0.0017677312205713743,-0.4184256698141922,590
C0612,17893.74271581513,0.0017868787387783599,-0.4183203989453504,589
C0613,18087.28848500672,0.0018062333640840823,-0.41821398942532717,588
C0614,18282.927721471624,0.001825797336640504,-0.41810642893802275,587
C0615,18480.683068976366,0.0018455729208299387,-0.41799770503412187,586
C0616,18680.577416211523,0.0018655624055271662,-0.4178878051296523,585
C0617,18882.63389944065,0.001885768104364326,-0.41777671650452863,584
C0618,19086.875905178236,0.0019061923559987137,-0.4176644263010801,583
C0619,19293.32707289665,0.001926837524383476,-0.4175509215225623,582
C0620,19502.011297761932,0.0019477059990411908,-0.4174361890316528,581
C0621,19712.952733399827,0.001968800195340471,-0.4173202155489309,580
C0622,19926.175794691073,0.001990122554775494,-0.4172029876513403,579
C0623,20141.705160597387,0.0020116755452486016,-0.4170844917706357,578
C0624,20359.565777017968,0.0020334616613559503,-0.4169647141918123,577
C0625,20579.782859676572,0.002055483424676219,-0.41684364105151844,576
C0626,20802.38189704015,0.0020777433840624753,-0.4167212583364509,575
C0627,21027.388653269085,0.0021002441159371985,-0.4165975518817332,574
C0628,21254.82917119888,0.0021229882245904492,-0.4164725073692758,573
C0629,21484.72977535479,0.002145978342481335,-0.4163461103261193,572
C0630,21717.117074998372,0.0021692171305426637,-0.4162183461227587,571
C0631,21952.017967207434,0.0021927072784889397,-0.4160891999714509,570
C0632,22189.459639989305,0.0022164515051276935,-0.4159586569245025,569
C0633,22429.469575427378,0.0022404525586741343,-0.41582670187254017,568
C0634,22672.075552862083,0.002264713217069251,-0.41569331954276134,567
C0635,22917.305652106275,0.002289236288301348,-0.41555849449716714,566
C0636,23165.18825669494,0.002314024610731021,-0.415422211130775,565
C0637,23415.752057170743,0.0023390810534197077,-0.4152844536698127,564
C0638,23669.02605440442,0.0023644085164617333,-0.41514520616989276,563
C0639,23925.039562951555,0.0023900099313199836,-0.41500445251416707,562
C0640,24183.822214445638,0.0024158882611652168,-0.41486217641146095,561
C0641,24445.403961027394,0.0024420465012189923,-0.41471836139438845,560
C0642,24709.815078811906,0.0024684876791003884,-0.4145729908174454,559
C0643,24977.086171392475,0.0024952148551763854,-0.41442604785508375,558
C0644,25247.248173382934,0.0025222311229161007,-0.4142775154997633,557
C0645,25520.33235399823,0.0025495396092488462,-0.41412737655998394,556
C0646,25796.370320673304,0.002577143474926018,-0.4139756136582952,555
C0647,26075.394022721564,0.002605045914886944,-0.41382220922928564,554
C0648,26357.43575503293,0.0026332501586286894,-0.41366714551754896,553
C0649,26642.528161811362,0.0026617594705798126,-0.41351040457562976,552
C0650,26930.704240353603,0.0026905771504782366,-0.41335196826194576,551
C0651,27221.99734486799,0.0027197065337531334,-0.41319181823868806,550
C0652,27516.44119033511,0.002749150991910991,-0.41302993596969906,549
C0653,27814.06985641024,0.002778913932925856,-0.4128663027183265,548
C0654,28114.917791367447,0.0028089988016337486,-0.41270089954525546,547
C0655,28419.019816086908,0.0028394090801313913,-0.4125337073063155,546
C0656,28726.411128085332,0.0028701482881792538,-0.4123647066502656,545
C0657,29037.127305589387,0.002901219983608898,-0.41219387801655394,544
C0658,29351.204311654103,0.0029326277627348173,-0.4120212016330542,543
C0659,29668.678498324887,0.0029643752607706408,-0.4118466575137768,542
C0660,29989.5866108452,0.0029964661522499003,-0.41167022545655607,541
C0661,30313.965791909697,0.0030289041514513482,-0.4114918850407113,540
C0662,30641.85358596288,0.00306169301282882,-0.41131161562468427,539
C0663,30973.28794354474,0.0030948365314458024,-0.41112939634364903,538
C0664,31308.30722568345,0.0031283385434147035,-0.4109452061070977,537
C0665,31646.95020833491,0.003162202926340807,-0.4107590235963991,536
C0666,31989.256086871304,0.0031964335997711297,-0.41057082726233135,535
C0667,32335.2644806172,0.003231034525648034,-0.4103805953225875,534
C0668,32685.01543743537,0.003266009708767809,-0.41018830575925513,533
C0669,33038.549438362264,0.0033013631972442195,-0.40999393631626674,532
C0670,33395.9074022929,0.0033370990829769973,-0.40979746449682486,531
C0671,33757.13069071742,0.0033732215021254975,-0.4095988675607978,530
C0672,34122.26111250797,0.003409734635587386,-0.40939812252208724,529
C0673,34491.340928757905,0.003446642709482564,-0.40919520614596877,528
C0674,34864.41285767342,0.0034839499956423312,-0.4089900949464016,527
C0675,35241.52007951745,0.0035216608121037755,-0.4087827651833107,526
C0676,35622.70624160765,0.003559779523609574,-0.40857319285983945,525
C0677,36008.01546336849,0.003598310542113204,-0.4083613537195712,524
C0678,36397.492341437195,0.003637258327289538,-0.4081472232437228,523
C0679,36791.1819548261,0.0036766273870510774,-0.40793077664830596,522
C0680,37189.129870139666,0.003716422278069662,-0.4077119888812593,521
C0681,37591.382146848686,0.0037566476063038844,-0.4074908346195482,520
C0682,37997.98534262157,0.0037973080275322257,-0.4072672882662344,519
C0683,38408.986518712576,0.0038384082478918773,-0.4070413239475127,518
C0684,38824.43324540902,0.003879953024423463,-0.4068129155097171,517
C0685,39244.37360753741,0.0039219471656216556,-0.40658203651629293,516
C0686,39668.856210028374,0.003964395531991668,-0.40634866024473737,515
C0687,40097.930183542936,0.004007303036611885,-0.4061127596835066,514
C0688,40531.645190158444,0.004050674645702458,-0.4058743075288891,513
C0689,40970.051429116844,0.004094515379200132,-0.40563327618184586,512
C0690,41413.19964263511,0.004138830311339289,-0.4053896377448158,511
C0691,41861.14112177768,0.004183624571239196,-0.40514336401848655,510
C0692,42313.92771239367,0.004228903343497726,-0.4048944264985312,509
C0693,42771.6118211171,0.004274671868791382,-0.4046427963723086,508
C0694,43234.24642143275,0.004320935444481886,-0.40438844451552897,507
C0695,43701.885059807755,0.004367699425229339,-0.4041313414888823,506
C0696,44174.58186188868,0.004414969223611927,-0.4038714575346319,505
C0697,44652.391538766366,0.004462750310752413,-0.40360876257316936,504
C0698,45135.36939330866,0.004511048216951408,-0.4033432261995335,503
C0699,45623.57132656065,0.004559868532327396,-0.40307481767989106,502
C0700,46117.05384421547,0.004609216907463816,-0.4028035059479796,501
C0701,46615.874063153875,0.004659099054063023,-0.40252925960151165,500
C0702,47120.08971805525,0.004709520745607389,-0.4022520468985404,499
C0703,47629.759168080316,0.004760487818027577,-0.40197183575378526,498
C0704,48144.94140362517,0.004812006170377943,-0.4016885937349191,497
C0705,48665.696053149266,0.004864081765519341,-0.4014022880588137,496
C0706,49192.08339007726,0.0049167206308093035,-0.40111288558774566,495
C0707,49724.16433977453,0.0049699288587996,-0.40082035282556083,494
C0708,50262.00048659956,0.005023712607941475,-0.4005246559137976,493
C0709,50805.65408103126,0.005078078103298384,-0.40022576062776777,492
C0710,51355.188046874195,0.005133031637266513,-0.3999236323725955,491
C0711,51910.66598854192,0.005188579570303118,-0.3996182361792132,490
C0712,52472.15219841796,0.005244728331662626,-0.3993095367003141,489
C0713,53039.711664298,0.0053014844201408505,-0.39899749820626074,488
C0714,53613.41007691101,0.0053588544048271125,-0.3986820845809501,487
C0715,54193.31383752274,0.005416844925864589,-0.3983632593176333,486
C0716,54779.490065621525,0.005475462695218891,-0.39804098551468964,485
C0717,55372.006606686184,0.005534714497454862,-0.3977152258713564,484
C0718,55970.93204003898,0.005594607190521874,-0.39738594268341076,483
C0719,56576.33568678344,0.0056551477065476105,-0.3970530978388065,482
C0720,57188.28761782702,0.0057163430526403335,-0.3967166528132622,481
C0721,57806.85866199217,0.005778200311699996,-0.3963765686658029,480
C0722,58432.12041421343,0.005840726643237951,-0.39603280603425245,479
C0723,59064.14524382434,0.005903929284205645,-0.39568532513067817,478
C0724,59703.00630293404,0.005967815549832278,-0.3953340857367852,477
C0725,60348.77753489329,0.006032392834471416,-0.3949790471992619,476
C0726,61001.53368285331,0.006097668612456862,-0.3946201684250744,475
C0727,61661.35029841701,0.006163650438967798,-0.3942574078767103,474
C0728,62328.30375038272,0.00623034595090315,-0.39389072356737126,473
C0729,63002.47123358428,0.006297762867765597,-0.3935200730561129,472
C0730,63683.93077782485,0.006365908992554966,-0.3931454134429332,471
C0731,64372.7612569087,0.006434792212671401,-0.39276670136380665,470
C0732,65069.042397770616,0.006504420500828314,-0.3923838929856653,469
C0733,65772.85478970279,0.006574801915975069,-0.3919969440013257,468
C0734,66484.27989368346,0.006645944604229856,-0.3916058096243601,467
C0735,67203.40005180452,0.006717856799822452,-0.3912104445839135,466
C0736,67930.29849680231,0.006790546826047296,-0.39081080311946337,465
C0737,68665.05936169169,0.00686402309622691,-0.3904068389755231,464
C0738,69407.76768950291,0.006938294114685578,-0.38999850539628883,463
C0739,70158.50944312515,0.007013368477733709,-0.3895857551202274,462
C0740,70917.37151525644,0.007089254874662831,-0.38916854037460613,461
C0741,71684.44173845994,0.007165962088751215,-0.38874681286996404,460
C0742,72459.80889533092,0.007243498998280588,-0.3883205237945219,459
C0743,73243.56272877181,0.0073218745775636244,-0.3878896238085332,458
C0744,74035.79395237956,0.007401097897982702,-0.3874540630385735,457
C0745,74836.59426094561,0.007481178129039884,-0.3870137910717675,456
C0746,75646.05634106789,0.007562124539418138,-0.38656875694995435,455
C0747,76464.27388187907,0.007643946498054152,-0.38611890916379,454
C0748,77291.3415858909,0.007726653475222778,-0.38566419564678456,453
C0749,78127.35517995412,0.007810255043633021,-0.38520456376927703,452
C0750,78972.41142633946,0.007894760879536144,-0.3847399603323427,451
C0751,79826.60813393598,0.007980180763845508,-0.3842703315616368,450
C0752,80690.04416957221,0.00806652458326868,-0.3837956231011699,449
C0753,81562.81946945976,0.008153802331451805,-0.3833157800070165,448
C0754,82445.03505075898,0.008242024110136173,-0.38283074674095663,447
C0755,83336.79302327227,0.008331200130327553,-0.3823404671640463,446
C0756,84238.1966012614,0.008421340713477924,-0.38184488453012105,445
C0757,85149.35011539422,0.008512456292680154,-0.38134394147922757,444
C0758,86070.35902482072,0.008604557413875606,-0.3808375800309843,443
C0759,87001.32992937804,0.008697654737074647,-0.3803257415778715,442
C0760,87942.37058192918,0.008791759037590512,-0.37980836687844727,441
C0761,88893.58990083505,0.008886881207286524,-0.3792853960504908,440
C0762,89855.09798255976,0.008983032255836616,-0.3787567685640717,439
C0763,90827.00611441485,0.009080223311999765,-0.3782224232345439,438
C0764,91809.42678743872,0.009178465624907933,-0.3776822982154644,437
C0765,92802.47370941713,0.009277770565368127,-0.37713633099143434,436
C0766,93806.26181804462,0.00937814962717853,-0.3765844583708639,435
C0767,94820.90729422652,0.009479614428458722,-0.37602661647865804,434
C0768,95846.52757552659,0.00958217671299444,-0.3754627407488238,433
C0769,96883.24136976014,0.009685848351596893,-0.3748927659169965,432
C0770,97931.16866873219,0.009790641343476578,-0.37431662601288684,431
C0771,98990.43076212713,0.009896567817632257,-0.37373425435264457,430
C0772,100061.15025154578,0.010003640034254664,-0.3731455835311409,429
C0773,101143.45106469619,0.010111870386145584,-0.37255054541416666,428
C0774,102237.45846973786,0.010221271400152287,-0.37194907113054576,427
C0775,103343.29908977928,0.010331855738617274,-0.3713410910641651,426
C0776,104461.10091753516,0.01044363620084402,-0.37072653484591545,425
C0777,105590.99333013922,0.010556625724578233,-0.37010533134554807,424
C0778,106733.10710411918,0.010670837387505386,-0.36947740866344164,423
C0779,107887.57443053384,0.010786284408764406,-0.3688426941222796,422
C0780,109054.52893027196,0.010902980150477573,-0.3682011142586393,421
C0781,110234.1056695184,0.011020938119297137,-0.3675525948144889,420
C0782,111426.44117538778,0.011140171967968697,-0.36689706072859185,419
C0783,112631.67345172487,0.011260695496911229,-0.3662344361278206,418
C0784,113849.94199507925,0.011382522655814565,-0.36556464431837304,417
C0785,115081.38781084948,0.011505667545253812,-0.36488760777689727,416
C0786,116326.15342960405,0.01163014441832145,-0.3642032481415183,415
C0787,117584.38292357889,0.011755967682277095,-0.3635114862027677,414
C0788,118856.22192335129,0.01188315190021488,-0.36281224189441674,413
C0789,120141.8176346962,0.012011711792749102,-0.3621054342842089,412
C0790,121441.318855625,0.012141662239718099,-0.36139098156449184,411
C0791,122754.87599360592,0.012273018281906297,-0.3606688010427503,410
C0792,124082.64108297465,0.012405795122785272,-0.3599388091320334,409
C0793,125424.76780252936,0.012540008130273261,-0.35920092134128134,408
C0794,126781.41149331864,0.01267567283851396,-0.35845505226554586,407
C0795,128152.7291766218,0.012812804949674553,-0.35770111557610457,406
C0796,129538.87957212115,0.012951420335762954,-0.35693902401047023,405
C0797,130940.02311627463,0.013091535040465065,-0.35616868936228974,404
C0798,132356.3219808833,0.013233165281001533,-0.35539002247113544,403
C0799,133787.94009186234,0.01337632745000486,-0.3546029332121858,402
C0800,135235.04314821493,0.013521038117416787,-0.3538073304857928,401
C0801,136697.79864120914,0.013667314032405994,-0.3530031222069397,400
C0802,138176.37587376466,0.01381517212530678,-0.3521902152945815,399
C0803,139670.9459800489,0.013964629509578665,-0.35136851566087174,398
C0804,141181.6819452829,0.014115703483787,-0.3505379282002734,397
C0805,142708.75862576498,0.014268411533605332,-0.34969835677854977,396
C0806,144252.35276910727,0.014422771333839061,-0.34884970422163875,395
C0807,145812.64303469364,0.01457880075047124,-0.34799187230440565,394
C0808,147389.81001435916,0.014736517842730522,-0.3471247617392732,393
C0809,148984.0362532904,0.014895940865181203,-0.34624827216473125,392
C0810,150595.50627115453,0.015057088269836127,-0.34536230213372,391
C0811,152224.4065834571,0.015219978708292482,-0.3444667491018878,390
C0812,153870.92572312756,0.01538463103389034,-0.3435615094157235,389
C0813,155535.25426234305,0.015551064303895065,-0.3426464783005582,388
C0814,157217.58483458348,0.015719297781702803,-0.3417215498484394,387
C0815,158918.1121569284,0.015889350939070186,-0.34078661700587226,386
C0816,160637.03305259484,0.01606124345836813,-0.3398415715614289,385
C0817,162374.5464737161,0.016234995234859696,-0.3388863041332247,384
C0818,164130.85352437134,0.01641062637900308,-0.33792070415625675,383
C0819,165906.1574838597,0.016588157218779015,-0.3369446598696078,382
C0820,167700.66383022928,0.016767608302043685,-0.3359580583035109,381
C0821,169514.5802640607,0.016949000398907066,-0.3349607852662728,380
C0822,171348.11673250483,0.01713235450413674,-0.3339527253310587,379
C0823,173201.4854535836,0.017317691839587958,-0.33293376182253137,378
C0824,175074.90094075375,0.017505033856660017,-0.3319037768033468,377
C0825,176968.58002773262,0.01769440223877886,-0.33086265106050505,376
C0826,178882.74189359788,0.017885818903907048,-0.3298102640915505,375
C0827,180817.60808815336,0.018079306007080354,-0.3287464940906261,374
C0828,182773.40255757276,0.018274885942972132,-0.3276712179343748,373
C0829,184750.35167032102,0.01847258134848547,-0.3265843111676881,372
C0830,186748.68424335239,0.018672415105373003,-0.32548564798930274,371
C0831,188768.63156859536,0.018874410342885395,-0.3243751012372394,370
C0832,190810.4274397243,0.01907859044044853,-0.3232525423740838,369
C0833,192874.30817921637,0.019284979030369215,-0.3221178414721118,368
C0834,194960.51266570739,0.01949360000057074,-0.32097086719824847,367
C0835,197069.28236163734,0.019704477497357476,-0.31981148679886945,366
C0836,199200.8613411991,0.01991763592820973,-0.31863956608443483,365
C0837,201355.49631858934,0.020133099964608846,-0.3174549694139573,364
C0838,203533.43667656102,0.020350894544892462,-0.31625755967930375,363
C0839,205734.9344952909,0.02057104487714128,-0.31504719828932487,362
C0840,207960.24458155286,0.020793576442096392,-0.3138237451538155,361
C0841,210209.6244982113,0.02101851499610862,-0.3125870586672997,360
C0842,212483.33459403325,0.02124588657411976,-0.3113369956926402,359
C0843,214781.6380338193,0.021475717492675662,-0.31007341154447254,358
C0844,217104.80082886407,0.021708034352972288,-0.3087961599724588,357
C0845,219453.09186774655,0.021942864043934765,-0.30750509314435875,356
C0846,221826.78294744872,0.022180233745329236,-0.3062000616289215,355
C0847,224226.1488048175,0.022420170930909075,-0.30488091437858805,354
C0848,226651.46714836045,0.022662703371594473,-0.30354749871201,353
C0849,229103.01869038973,0.022907859138686818,-0.30219966029637746,352
C0850,231581.08717951382,0.0231556666071179,-0.30083724312955523,351
C0851,234085.9594334765,0.023406154458733796,-0.29946008952202874,350
C0852,236617.92537235527,0.02365935168561474,-0.29806804007865084,349
C0853,239177.27805211872,0.023915287593430857,-0.29666093368019353,348
C0854,241764.31369854242,0.024173991804833754,-0.2952386074647005,347
C0855,244379.3317414985,0.024435494262885507,-0.2938008968086353,346
C0856,247022.63484960902,0.02469982523452399,-0.29234763530782953,345
C0857,249694.5289652791,0.024967015314066195,-0.29087865475822144,344
C0858,252395.32334010894,0.02523709542674946,-0.2893937851363873,343
C0859,255125.33057068381,0.025510096832310463,-0.2878928545798641,342
C0860,257884.8666347588,0.0257860511286037,-0.2863756893672555,341
C0861,260674.25092782683,0.02606499025525832,-0.2848421138981274,340
C0862,263493.80630009033,0.026346946497375276,-0.28329195067268115,339
C0863,266343.8590938251,0.026631952489263734,-0.28172502027121105,338
C0864,269224.7391811536,0.026920041218218404,-0.2801411413333373,337
C0865,272136.78000222665,0.027211246028337736,-0.27854013053701376,336
C0866,275080.31860381336,0.027505600624382898,-0.276921802577312,335
C0867,278055.69567831367,0.027803139075679058,-0.27528597014497236,334
C0868,281063.25560319214,0.028103895820058764,-0.2736324439047234,333
C0869,284103.3464808336,0.028407905667847528,-0.2719610324733702,332
C0870,287176.32017883746,0.02871520380589326,-0.2702715423976407,331
C0871,290282.53237074014,0.029025825801638518,-0.26856377813179655,330
C0872,293422.3425771829,0.02933980760723731,-0.2668375420150002,329
C0873,296596.11420752585,0.029657185563716496,-0.2650926342484353,328
C0874,299804.214601906,0.029977996405181614,-0.263328852872184,327
C0875,303047.01507375593,0.03030227726306875,-0.2615459937418502,326
C0876,306324.8909527824,0.03063006567044242,-0.25974385050493093,325
C0877,309638.22162840376,0.030961399566339292,-0.2579222145769342,324
C0878,312987.3905936661,0.03129631730015986,-0.25608087511723504,323
C0879,316372.78548962553,0.03163485763610664,-0.254219619004674,322
C0880,319794.7981502164,0.03197705975767103,-0.25233823081288936,321
C0881,323253.82464760536,0.032322963272168714,-0.2504364927853818,320
C0882,326750.2653380288,0.03267260821532342,-0.2485141848103137,319
C0883,330284.52490813663,0.03302603505590131,-0.24657108439502923,318
C0884,333857.01242182695,0.03338328470039444,-0.24460696664030576,317
C0885,337468.141367594,0.033744398497755644,-0.242621604214322,316
C0886,341118.32970638864,0.034109418244184474,-0.24061476732634493,315
C0887,344807.99991998984,0.034478386187964456,-0.23858622370013574,314
C0888,348537.57905990584,0.03485134503435317,-0.23653573854706422,313
C0889,352307.49879680446,0.035228337950525324,-0.23446307453893275,312
C0890,356118.19547047047,0.035609408570568477,-0.23236799178051,311
C0891,359970.11014031473,0.03599460100053398,-0.2302502477817617,310
C0892,363863.68863641797,0.036383959823541354,-0.22810959742978715,309
C0893,367799.38161113486,0.03677753010493875,-0.22594579296044787,308
C0894,371777.6445912555,0.037175357397519045,-0.22375858392968972,307
C0895,375798.9380307252,0.03757748774679189,-0.2215477171845582,306
C0896,379863.72736394027,0.037983967696313264,-0.21931293683389683,305
C0897,383972.48305962107,0.03839484429307284,-0.21705398421872824,304
C0898,388125.68067525997,0.03881016509293873,-0.21477059788231942,303
C0899,392323.80091216956,0.039229978166162374,-0.21246251353991666,302
C0900,396567.3296711148,0.03965433210294174,-0.2101294640481595,301
C0901,400856.75810855476,0.04008327601904552,-0.20777117937415968,300
C0902,405192.58269349247,0.04051685956149815,-0.2053873865642456,299
C0903,409575.3052649323,0.040955132914325516,-0.20297780971237298,298
C0904,414005.4330899699,0.041398146804364,-0.20054216992818724,297
C0905,418483.4789224994,0.04184595250713121,-0.19808018530474733,296
C0906,423009.9610625628,0.042298601852760916,-0.19559157088589565,295
C0907,427585.40341634233,0.042756147232002314,-0.19307603863327513,294
C0908,432210.335556793,0.04321864160228331,-0.1905332973929938,293
C0909,436885.2927849396,0.04368613849384019,-0.1879630528619246,292
C0910,441610.8161918362,0.04415869201591366,-0.1853650075536404,291
C0911,446387.45272118744,0.0446363568630109,-0.18273886076398566,290
C0912,451215.7552326599,0.0451191883212368,-0.1800843085362683,289
C0913,456096.28256586567,0.045607242274692254,-0.1774010436260824,288
C0914,461029.59960504575,0.04610057521194261,-0.17468875546574553,287
C0915,466016.27734445466,0.04659924423255605,-0.17194713012835144,286
C0916,471056.89295444294,0.04710330705371193,-0.16917585029143822,285
C0917,476152.02984826267,0.04761282201688131,-0.16637459520025935,284
C0918,481302.27774959663,0.0481278480945799,-0.16354304063065694,283
C0919,486508.2327608072,0.048648444897192965,-0.16068085885153913,282
C0920,491770.49743193865,0.04917467267987557,-0.15778771858694327,281
C0921,497089.6808304509,0.049706592349525965,-0.15486328497769708,280
C0922,502466.39861171745,0.05024426547183542,-0.1519072195426596,279
C0923,507901.2730902858,0.050787754278414275,-0.14891918013954275,278
C0924,513394.93331189855,0.05133712167399404,-0.14589882092531511,277
C0925,518948.0151263092,0.05189243124370903,-0.1428457923161684,276
C0926,524561.1612608692,0.052453747260455076,-0.13975974094705992,275
C0927,530235.0213949225,0.05302113469232898,-0.13664030963081158,274
C0928,535970.2522350035,0.053594659210148374,-0.1334871373167663,273
C0929,541767.5175908405,0.054174387195052034,-0.13029985904900251,272
C0930,547627.4884521887,0.054760385746183235,-0.12707810592409183,271
C0931,553550.8430664963,0.055352722688456354,-0.1238215050483992,270
C0932,559538.2670173987,0.055951466580406325,-0.1205296794949276,269
C0933,565590.4533040785,0.05655668672212466,-0.11720224825968655,268
C0934,571708.1024214668,0.05716845316327959,-0.11383882621759839,267
C0935,577891.9224413238,0.05778683671122415,-0.1104390240779209,266
C0936,584142.6290941963,0.05841190893919197,-0.10700244833918782,265
C0937,590460.945852251,0.05904374219458059,-0.10352870124366809,264
C0938,596847.6040130148,0.0596824096073255,-0.1000173807313263,263
C0939,603303.34278402,0.06032798509836475,-0.09646808039328537,262
C0940,609828.9093683538,0.06098054338819385,-0.09288038942479253,261
C0941,616425.0590511516,0.06164016000551518,-0.08925389257766599,260
C0942,623092.5552870063,0.06230691129597887,-0.0855881701122384,259
C0943,629832.1697883364,0.06298087443101971,-0.08188279774877276,258
C0944,636644.6826147097,0.06366212741678952,-0.07813734661835317,257
C0945,643530.8822631205,0.0643507491031848,-0.0743513832132515,256
C0946,650491.5657592623,0.06504681919297421,-0.07052446933674637,255
C0947,657527.5387497685,0.06575041825102249,-0.06665616205241025,254
C0948,664639.6155954638,0.06646162771361566,-0.0627460136328408,253
C0949,671828.6194656243,0.06718052989788718,-0.058793571507837435,252
C0950,679095.3824332453,0.06790720801134456,-0.05479837821202438,251
C0951,686440.7455713513,0.06864174616150052,-0.05075997133190004,250
C0952,693865.5590503478,0.06938422936560819,-0.04667788345231414,249
C0953,701370.6822364131,0.07013474356050022,-0.042551642102372896,248
C0954,708956.9837909741,0.07089337561253645,-0.03838076970074825,247
C0955,716625.3417712376,0.07166021332765707,-0.03416478350040671,246
C0956,724376.6437318225,0.0724353454615459,-0.029903195532732848,245
C0957,732211.786827493,0.07321886172990362,-0.025595512551047972,244
C0958,740131.6779169881,0.07401085281883087,-0.021241235973525376,243
C0959,748137.2336679881,0.0748114103953248,-0.016839861825481073,242
C0960,756229.3806632161,0.0756206271178894,-0.012390880681039948,241
C0961,764409.0555076733,0.07643859664725895,-0.007893777604179196,240
C0962,772677.2049370555,0.07726541365723968,-0.0033480320891217997,239
C0963,781034.7859273199,0.0781011738456666,0.0012468819999021472,238
C0964,789482.7658054527,0.07894597394548014,0.005891496489554268,237
C0965,798022.1223614346,0.0797999117359228,0.010586348958945516,236
C0966,806653.8439614014,0.08066308605385528,0.015331982801850661,235
C0967,815378.9296620527,0.08153559680519729,0.02012894728960916,234
C0968,824198.389326274,0.08241754497648984,0.024977797634692937,233
C0969,833113.2437400259,0.08330903264658421,0.029879095054970727,232
C0970,842124.5247304963,0.08421016299845713,0.03483340683866739,231
C0971,851233.2752855181,0.08512104033115264,0.03984130641001814,230
C0972,860440.5496742908,0.08604177007185426,0.044903373395640295,229
C0973,869747.4135694103,0.086972458788088,0.05002019369162404,228
C0974,879154.9441701999,0.08791321420005549,0.05519235953133843,227
C0975,888664.2303274025,0.08886414519310323,0.06042046955398602,226
C0976,898276.3726691935,0.08982536183032393,0.06570512887388356,225
C0977,907992.4837285768,0.09079697536529609,0.07104694915050273,224
C0978,917813.6880721566,0.0917790982549613,0.07644654865926806,223
C0979,927741.1224302871,0.09277184417263915,0.08190455236311141,222
C0980,937775.9358286455,0.0937753280211846,0.08742159198480993,221
C0981,947919.2897212291,0.09478966594628778,0.09299830608010629,220
C0982,958172.3581247715,0.09581497534991552,0.0986353401116093,219
C0983,968536.3277546414,0.0968513749039014,0.10433334652350994,218
C0984,979012.3981621825,0.09789898456367967,0.11009298481708925,217
C0985,989601.7818735584,0.0989579255821698,0.11591492162705395,216
C0986,1000305.704530099,0.10002832052381122,0.12179983079869754,215
C0987,1011125.4050301459,0.10111029327874779,0.12774839346588526,214
C0988,1022062.1356724608,0.10220396907716878,0.13376129812989887,213
C0989,1033117.1623011563,0.10330947450380189,0.13983924073911802,212
C0990,1044291.7644522134,0.10442693751256513,0.14598292476957395,211
C0991,1055587.2355015846,0.10555648744137706,0.15219306130637533,210
C0992,1067004.8828148795,0.10669825502712552,0.15847036912600382,209
C0993,1078546.0278986895,0.10785237242080001,0.16481557477951075,208
C0994,1090212.0065535477,0.10901897320278778,0.17122941267661312,207
C0995,1102004.1690285238,0.11019819239833338,0.1777126251706883,206
C0996,1113923.880177522,0.11139016649316844,0.1842659626447048,205
C0997,1125972.519617237,0.11259503344930731,0.1908901835980651,204
C0998,1138151.4818868407,0.11381293272101586,0.19758605473440005,203
C0999,1150462.1766093979,0.11504400527095296,0.20435435105031302,202
C1000,1162906.0286550035,0.11628839358648432,0.2111958559250715,201
C1001,1175484.4783057098,0.11754624169617522,0.2181113612112823,200
C1002,1188198.981422233,0.11881769518646126,0.2251016673265453,199
C1003,1201051.0096124434,0.12010290121849738,0.2321675833460875,198
C1004,1214042.0504017114,0.1214020085451925,0.23930992709641755,197
C1005,1227173.60740506,0.12271516752842482,0.2465295252499735,196
C1006,1240447.2005012045,0.12404253015644584,0.25382721342080816,195
C1007,1253864.366008475,0.12538425006147266,0.2612038362613094,194
C1008,1267426.6568626151,0.12674048253746786,0.2686602475599521,193
C1009,1281135.6427965437,0.12811138455811577,0.2761973103401294,192
C1010,1294992.9105220214,0.12949711479498913,0.28381589696003123,191
C1011,1309000.063913308,0.1308978336359149,0.2915168892136171,190
C1012,1323158.7241928072,0.13231370320353872,0.29930117843268167,189
C1013,1337470.5301186948,0.1337448873740879,0.3071696655900112,188
C1014,1351937.1381746,0.1351915517963395,0.31512326140366814,187
C1015,1366560.2227613402,0.1366538639107938,0.3231628864424051,186
C1016,1381341.4763907,0.13813199296905243,0.3312894712322024,185
C1017,1396282.6098813498,0.1396261100534101,0.3395039563639824,184
C1018,1411385.3525568398,0.14113638809665421,0.3478072926024645,183
C1019,1426651.4524457648,0.14266300190208123,0.3562004409962139,182
C1020,1442082.6764840942,0.14420612816372982,0.36468437298888035,181
C1021,1457680.810719664,0.1457659454868301,0.3732600705316257,180
C1022,1473447.6605189072,0.14734263440847675,0.38192852619678286,179
C1023,1489385.05077582,0.14893637741852553,0.39069074329274234,178
C1024,1505494.8261231587,0.1505473589807133,0.39954773598006726,177
C1025,1521778.8511459667,0.15217576555401055,0.40850052938888726,176
C1026,1538239.010597364,0.15382178561420043,0.4175501597375384,175
C1027,1554877.209616703,0.1554856096756945,0.42669767445250206,174
C1028,1571695.3739500826,0.15716743031358404,0.43594413228964246,173
C1029,1588695.4501732183,0.1588674421859273,0.4452906034567374,172
C1030,1605879.405916767,0.16058584205628185,0.45473816973736014,171
C1031,1623249.2300940447,0.1623228288164765,0.4642879246160762,170
C1032,1640806.933131237,0.1640786035096325,0.4739409734050107,169
C1033,1658554.5472001014,0.16585336935343353,0.48369843337178564,168
C1034,1676494.126453155,0.1676473317636449,0.4935614338688241,167
C1035,1694627.7472614376,0.1694606983778897,0.5035311164640698,166
C1036,1712957.5084548465,0.17129367907968235,0.5136086350731206,165
C1037,1731485.5315650357,0.17314648602271862,0.5237951560927723,164
C1038,1750213.9610709955,0.1750193336554337,0.5340918585360356,163
C1039,1769144.9646472353,0.1769124387458204,0.5444999341685847,162
C1040,1788280.7334146851,0.17882602040651951,0.5550205876467005,161
C1041,1807623.4821943133,0.18076030012018163,0.5656550366567067,160
C1042,1827175.4497634529,0.1827155017650997,0.5764045120558958,159
C1043,1846938.8991149345,0.18469185164112256,0.587270258014998,158
C1044,1866916.117719022,0.18668957849584844,0.5982535321621898,157
C1045,1887109.4177881433,0.1887089135510982,0.6093556057286414,156
C1046,1907521.1365445417,0.1907500905296805,0.6205777636956684,155
C1047,1928153.6364907655,0.19281334568244077,0.631921304943444,154
C1048,1949009.3056831213,0.19489891781560667,0.6433875424013411,153
C1049,1970090.558008085,0.1970070483184293,0.6549778031999002,152
C1050,1991399.8334616632,0.1991379811911193,0.6666934288244196,151
C1051,2012939.598431837,0.20129196307309138,0.6785357752702403,150
C1052,2034712.3459839986,0.20346924327150803,0.6905062131996756,149
C1053,2056720.596149518,0.20567007379013627,0.7026061281006628,148
C1054,2078966.896217429,0.2078947093585163,0.7148369204471293,147
C1055,2101453.8210292347,0.2101434074614421,0.7272000058610726,146
C1056,2124183.973276938,0.2124164283687647,0.7396968152764158,145
C1057,2147159.9838042962,0.21471403516551754,0.7523287951046342,144
C1058,2170384.5119112926,0.2170364937823637,0.7650974074021495,143
C1059,2193860.2456619623,0.2193840730263788,0.7780041300395707,142
C1060,2217589.9021954886,0.2217570446121604,0.7910504568727312,141
C1061,2241576.2280407003,0.22415568319327803,0.8042378979155964,140
C1062,2265821.9994339794,0.22658026639406392,0.8175679795150458,139
C1063,2290330.022640559,0.22903107484174298,0.8310422445275198,138
C1064,2315103.1342793424,0.23150839219891473,0.8446622524976021,137
C1065,2340144.201651235,0.2340125051963865,0.8584295798385325,136
C1066,2365456.123070979,0.23654370366635707,0.872345820014647,135
C1067,2391041.8282026495,0.23910228057596639,0.88641258372583,134
C1068,2416904.278398707,0.24168853206120086,0.900631499093922,133
C1069,2443046.4670427674,0.2443027574611704,0.9150042118511711,132
C1070,2469471.419896078,0.24694525935275616,0.9295323855307214,131
C1071,2496182.19544769,0.24961634358562795,0.9442177016591355,130
C1072,2523181.885268499,0.2523163193176482,0.959061859951042,129
C1073,2550473.6143690324,0.2550454990506509,0.9740665785058421,128
C1074,2578060.541561163,0.25780419866661297,0.9892335940065783,127
C1075,2605945.8598237326,0.2605927374642169,1.004564661920949,126
C1076,2634132.7966720834,0.2634114381958038,1.020061556704474,125
C1077,2662624.614531636,0.26626062710473136,1.0357260720058827,124
C1078,2691424.6111155036,0.26914063396313526,1.051560020874725,123
C1079,2720536.1198061435,0.2720517921100946,1.0675652359711967,122
C1080,2749962.5100412117,0.2749944384902174,1.08374356977828,121
C1081,2779707.1877035126,0.2779689136926355,1.1000968948161338,120
C1082,2809773.59551522,0.28097556199042695,1.1166271038588322,119
C1083,2840165.2134363647,0.2840147313804649,1.1333361101534494,118
C1084,2870885.5590675776,0.28708677362369184,1.150225847641483,117
C1085,2901938.1880572448,0.29019204428583517,1.1672982711827045,116
C1086,2933326.694513062,0.29333090277856316,1.1845553567814275,115
C1087,2965054.7114179865,0.29650371240107964,1.2019991018151939,114
C1088,2997125.9110507746,0.29971084038217843,1.219631525265982,113
C1089,3029544.0054109767,0.30295265792274245,1.2374546679538627,112
C1090,3062312.746648594,0.30622954023870996,1.2554705927732215,111
C1091,3095435.9274983765,0.30954186660450417,1.273681384931532,110
C1092,3128917.381718764,0.3128900203969274,1.2920891521906805,109
C1093,3162760.984535662,0.31627438913953904,1.3106960251109478,108
C1094,3196970.6530909273,0.3196953645475041,1.329504157297586,107
C1095,3231550.346895764,0.3231533425729328,1.3485157256500875,106
C1096,3266504.0682890317,0.3266487234507118,1.3677329306141595,105
C1097,3301835.862900441,0.3301819117448235,1.3871579964363847,104
C1098,3337549.8201188277,0.33375331639517375,1.4067931714216737,103
C1099,3373650.073565489,0.33736335076492585,1.4266407281934985,102
C1100,3410140.80157257,0.34101243268833875,1.4467029639569084,101
C1101,3447026.2276667305,0.34470098451913433,1.4669822007644415,100
C1102,3484310.621057936,0.3484294331793765,1.4874807857848593,99
C1103,3521998.2971336097,0.3521982102088865,1.508201091574825,98
C1104,3560093.6179581257,0.3560077518151921,1.5291455163535215,97
C1105,3598600.9927776433,0.3598584989240116,1.5503164842802022,96
C1106,3637524.878530465,0.3637508972302896,1.5717164457347836,95
C1107,3676869.780362915,0.3676853972497846,1.593347877601466,94
C1108,3716640.2521507246,0.3716624543712084,1.6152132835553912,93
C1109,3756840.89702617,0.3756825289089393,1.6373151943524518,92
C1110,3797476.367910796,0.37974608615629496,1.6596561681221813,91
C1111,3838551.368053979,0.383853596439389,1.6822387906638505,90
C1112,3880070.651577316,0.38800553517156955,1.7050656757457656,89
C1113,3922039.024024826,0.3922023829084399,1.7281394654077624,88
C1114,3964461.342919215,0.396444625403485,1.7514628302670396,87
C1115,4007342.5183240455,0.40073275366428873,1.7750384698272288,86
C1116,4050687.5134120593,0.40506726400936593,1.798869112790856,85
C1117,4094501.345039656,0.40944865812561093,1.8229575173751824,84
C1118,4138789.084327504,0.4138774431263582,1.8473064716314207,83
C1119,4183555.857247511,0.4183541316100801,1.8719187937674417,82
C1120,4228806.845216141,0.4228792417197184,1.8967973324739789,81
C1121,4274547.285694065,0.42745329720264946,1.9219449672543056,80
C1122,4320782.472792425,0.4320768274713112,1.9473646087575578,79
C1123,4367517.757885531,0.4367503676644722,1.9730591991155826,78
C1124,4414758.550230263,0.44147445870917307,1.9990317122834864,77
C1125,4462510.317592181,0.4462496473833366,2.025285154383858,76
C1126,4510778.586878326,0.4510764863790485,2.051822564054678,75
C1127,4559568.944776939,0.45595553436652986,2.0786470128010333,74
C1128,4608887.038404112,0.4608873560588013,2.1057616053506325,73
C1129,4658738.575957329,0.46587252227703857,2.1331694800131236,72
C1130,4709129.327376228,0.47091161001664783,2.160873809043368,71
C1131,4760065.125010354,0.4760052025140417,2.1888777990085693,70
C1132,4811551.864294245,0.48115388931414776,2.2171846911594244,69
C1133,4863595.504429808,0.48635826633864665,2.2457977618052913,68
C1134,4916202.069075988,0.49161893595493866,2.274720322693359,67
C1135,4969377.647046034,0.49693650704587106,2.3039557213919992,66
C1136,5023128.393012172,0.5023115950802048,2.3335073416781866,65
C1137,5077460.5282179825,0.5077448221838538,2.3633786039291595,64
C1138,5132380.3411985,0.5132368172118931,2.39357296551832,63
C1139,5187894.188508001,0.5187882158213397,2.4240939212153685,62
C1140,5244008.495455754,0.5243996605447268,2.4549450035908063,61
C1141,5300729.756849736,0.5300718008644758,2.4861297834248304,60
C1142,5358064.537748283,0.5358052932880615,2.5176518701205763,59
C1143,5416019.474220031,0.5416008014240067,2.549514912121931,58
C1144,5474601.274111915,0.5474589960586816,2.5817225973357703,57
C1145,5533816.717825586,0.5533805552339467,2.6142786535588214,56
C1146,5593672.65910222,0.5593661643256328,2.6471868489091475,55
C1147,5654176.025815728,0.5654165161228631,2.6804509922622453,54
C1148,5715333.820774629,0.5715323109082402,2.7140749336919052,53
C1149,5777153.122532615,0.5777142565389028,2.7480625649158545,52
C1150,5839641.086207756,0.5839630685284469,2.7824178197461444,51
C1151,5902804.944310743,0.5902794701297497,2.817144674544514,50
C1152,5966652.007581918,0.5966641924186729,2.8522471486825767,49
C1153,6031189.665837467,0.6031179743786826,2.887729305007053,48
C1154,6096425.388824776,0.609641562986385,2.9235952503100333,47
C1155,6162366.727086914,0.6162357132979747,2.9598491358042622,46
C1156,6229021.312836645,0.6229011885366359,2.996495157603664,45
C1157,6296396.860839716,0.6296387601808721,3.0335375572089625,44
C1158,6364501.169307819,0.636449208053802,3.070980621998624,43
C1159,6433342.120801212,0.6433333204134223,3.1088286857251117,42
C1160,6502927.683140994,0.6502918940438345,3.147086129016439,41
C1161,6573265.910331352,0.657325734347471,3.1857573798832184,40
C1162,6644364.943491795,0.6644356554383181,3.2248469142311906,39
C1163,6716233.0117993355,0.6716224802361341,3.264359256379227,38
C1164,6788878.433441058,0.6788870405617072,3.304298979583043,37
C1165,6862309.616576796,0.6862301772331227,3.344670706564468,36
C1166,6936535.060312349,0.6936527401630853,3.385479110046509,35
C1167,7011563.355683237,0.7011555884572949,3.426728913294211,34
C1168,7087403.186648959,0.7087395905138723,3.46842489066129,33
C1169,7164063.331098142,0.7164056241238745,3.5105718681427507,32
C1170,7241552.661864556,0.7241545765728971,3.5531747239334868,31
C1171,7319880.14775398,0.7319873447437598,3.5962383889928367,30
C1172,7399054.854582384,0.7399048352203265,3.6397678476153685,29
C1173,7479085.946225135,0.7479079643924245,3.6837681380077214,28
C1174,7559982.685677678,0.7559976585619143,3.728244352871758,27
C1175,7641754.4361277195,0.764174854049907,3.7732016399940402,26
C1176,7724410.662038824,0.7724404973051257,3.8186452028415796,25
C1177,7807960.930245986,0.7807955450134612,3.864580301164171,24
C1178,7892414.91106281,0.7892409642086915,3.9110122516031107,23
C1179,7977782.379400819,0.7977777323844129,3.9579464283065797,22
C1180,8064073.215900878,0.8064068376071819,4.00538826355169,21
C1181,8151297.408076709,0.8151292786308675,4.0533432483731735,20
C1182,8239465.051470913,0.8239460650122539,4.101816933198961,19
C1183,8328586.350823508,0.8328582172278939,4.150814928492621,18
C1184,8418671.62125293,0.84186676679221,4.20034290540267,17
C1185,8509731.28945007,0.850972756376898,4.25040659641904,16
C1186,8601775.894884963,0.8601772399315961,4.301011796036502,15
C1187,8694816.091026697,0.8694812828058768,4.352164361425364,14
C1188,8788862.64657654,0.8788859618725587,4.403870213109426,13
C1189,8883926.446714215,0.8883923656523356,4.456135335651174,12
C1190,8980018.494357837,0.8980015944397698,4.508965778344482,11
C1191,9077149.911437472,0.9077147604306484,4.5623676559147945,10
C1192,9175331.94018229,0.9175329878506986,4.616347149226798,9
C1193,9274575.944421913,0.927457413085724,4.670910505999889,8
C1194,9374893.410901565,0.9374891848131185,4.726064041531222,7
C1195,9476295.950611629,0.9476294641348232,4.781814139426695,6
C1196,9578795.300131593,0.957879424711721,4.838167252339834,5
C1197,9682403.32298833,0.9682402528994652,4.895129902718561,4
C1198,9787132.011029376,0.9787131478858073,4.952708683560214,3
C1199,9892993.485810751,0.9892993218293796,5.010910259174548,2
C1200,10000000.0,1.0,5.069741365955119,1
