candidate_id,full_name,email,phone,department,applied_date
C0001,Aisha Adams,aisha.adams1@example.com,+1-555-100-1000,Data Analytics,2025-01-06
C0002,Ben Davis,ben.davis2@example.com,+1-555-100-1001,Engineering,2025-01-08
C0003,Carla Green,carla.green3@example.com,+1-555-100-1002,Finance,2025-01-10
C0004,Dinesh Jones,dinesh.jones4@example.com,+1-555-100-1003,Human Resources,2025-01-12
C0005,Elena Chen,elena.chen5@example.com,+1-555-100-1004,Marketing,2025-01-14
C0006,Fatima Foster,fatima.foster6@example.com,+1-555-100-1005,Operations,2025-01-16
C0007,Grace Ibrahim,grace.ibrahim7@example.com,+1-555-100-1006,Product,2025-01-18
C0008,Hugo Bennett,hugo.bennett8@example.com,+1-555-100-1007,Sales,2025-01-20
C0009,Iris Evans,iris.evans9@example.com,+1-555-100-1008,Data Analytics,2025-01-22
C0010,Jonah Harris,jonah.harris10@example.com,+1-555-100-1009,Engineering,2025-01-24
C0011,Aisha Adams,aisha.adams11@example.com,+1-555-100-1010,Finance,2025-01-27
C0012,Ben Davis,ben.davis12@example.com,+1-555-100-1011,Human Resources,2025-01-29
C0013,Carla Green,carla.green13@example.com,+1-555-100-1012,Marketing,2025-01-31
C0014,Dinesh Jones,dinesh.jones14@example.com,+1-555-100-1013,Operations,2025-02-02
C0015,Elena Chen,elena.chen15@example.com,+1-555-100-1014,Product,2025-02-04
C0016,Fatima Foster,fatima.foster16@example.com,+1-555-100-1015,Sales,2025-02-06
C0017,Grace Ibrahim,grace.ibrahim17@example.com,+1-555-100-1016,Data Analytics,2025-02-08
C0018,Hugo Bennett,hugo.bennett18@example.com,+1-555-100-1017,Engineering,2025-02-10
C0019,Iris Evans,iris.evans19@example.com,+1-555-100-1018,Finance,2025-02-12
C0020,Jonah Harris,jonah.harris20@example.com,+1-555-100-1019,Human Resources,2025-02-14
C0021,Aisha Adams,aisha.adams21@example.com,+1-555-100-1020,Marketing,2025-02-17
C0022,Ben Davis,ben.davis22@example.com,+1-555-100-1021,Operations,2025-02-19
C0023,Carla Green,carla.green23@example.com,+1-555-100-1022,Product,2025-02-21
C0024,Dinesh Jones,dinesh.jones24@example.com,+1-555-100-1023,Sales,2025-02-23
C0025,Elena Chen,elena.chen25@example.com,+1-555-100-1024,Data Analytics,2025-02-25
C0026,Fatima Foster,fatima.foster26@example.com,+1-555-100-1025,Engineering,2025-02-27
C0027,Grace Ibrahim,grace.ibrahim27@example.com,+1-555-100-1026,Finance,2025-03-01
C0028,Hugo Bennett,hugo.bennett28@example.com,+1-555-100-1027,Human Resources,2025-03-03
C0029,Iris Evans,iris.evans29@example.com,+1-555-100-1028,Marketing,2025-03-05
C0030,Jonah Harris,jonah.harris30@example.com,+1-555-100-1029,Operations,2025-03-07
C0031,Aisha Adams,aisha.adams31@example.com,+1-555-100-1030,Product,2025-03-10
C0032,Ben Davis,ben.davis32@example.com,+1-555-100-1031,Sales,2025-03-12
C0033,Carla Green,carla.green33@example.com,+1-555-100-1032,Data Analytics,2025-03-14
C0034,Dinesh Jones,dinesh.jones34@example.com,+1-555-100-1033,Engineering,2025-03-16
C0035,Elena Chen,elena.chen35@example.com,+1-555-100-1034,Finance,2025-03-18
C0036,Fatima Foster,fatima.foster36@example.com,+1-555-100-1035,Human Resources,2025-03-20
C0037,Grace Ibrahim,grace.ibrahim37@example.com,+1-555-100-1036,Marketing,2025-03-22
C0038,Hugo Bennett,hugo.bennett38@example.com,+1-555-100-1037,Operations,2025-03-24
C0039,Iris Evans,iris.evans39@example.com,+1-555-100-1038,Product,2025-03-26
C0040,Jonah Harris,jonah.harris40@example.com,+1-555-100-1039,Sales,2025-03-28
C0041,Aisha Adams,aisha.adams41@example.com,+1-555-100-1040,Data Analytics,2025-03-31
C0042,Ben Davis,ben.davis42@example.com,+1-555-100-1041,Engineering,2025-04-02
C0043,Carla Green,carla.green43@example.com,+1-555-100-1042,Finance,2025-04-04
C0044,Dinesh Jones,dinesh.jones44@example.com,+1-555-100-1043,Human Resources,2025-04-06
C0045,Elena Chen,elena.chen45@example.com,+1-555-100-1044,Marketing,2025-04-08
C0046,Fatima Foster,fatima.foster46@example.com,+1-555-100-1045,Operations,2025-04-10
C0047,Grace Ibrahim,grace.ibrahim47@example.com,+1-555-100-1046,Product,2025-04-12
C0048,Hugo Bennett,hugo.bennett48@example.com,+1-555-100-1047,Sales,2025-04-14
C0049,Iris Evans,iris.evans49@example.com,+1-555-100-1048,Data Analytics,2025-04-16
C0050,Jonah Harris,jonah.harris50@example.com,+1-555-100-1049,Engineering,2025-04-18
C0051,Aisha Adams,aisha.adams51@example.com,+1-555-100-1050,Finance,2025-04-21
C0052,Ben Davis,ben.davis52@example.com,+1-555-100-1051,Human Resources,2025-04-23
C0053,Carla Green,carla.green53@example.com,+1-555-100-1052,Marketing,2025-04-25
C0054,Dinesh Jones,dinesh.jones54@example.com,+1-555-100-1053,Operations,2025-04-27
C0055,Elena Chen,elena.chen55@example.com,+1-555-100-1054,Product,2025-04-29
C0056,Fatima Foster,fatima.foster56@example.com,+1-555-100-1055,Sales,2025-05-01
C0057,Grace Ibrahim,grace.ibrahim57@example.com,+1-555-100-1056,Data Analytics,2025-05-03
C0058,Hugo Bennett,hugo.bennett58@example.com,+1-555-100-1057,Engineering,2025-05-05
C0059,Iris Evans,iris.evans59@example.com,+1-555-100-1058,Finance,2025-05-07
C0060,Jonah Harris,jonah.harris60@example.com,+1-555-100-1059,Human Resources,2025-05-09
C0061,Aisha Adams,aisha.adams61@example.com,+1-555-100-1060,Marketing,2025-05-12
C0062,Ben Davis,ben.davis62@example.com,+1-555-100-1061,Operations,2025-05-14
C0063,Carla Green,carla.green63@example.com,+1-555-100-1062,Product,2025-05-16
C0064,Dinesh Jones,dinesh.jones64@example.com,+1-555-100-1063,Sales,2025-05-18
C0065,Elena Chen,elena.chen65@example.com,+1-555-100-1064,Data Analytics,2025-05-20
C0066,Fatima Foster,fatima.foster66@example.com,+1-555-100-1065,Engineering,2025-05-22
C0067,Grace Ibrahim,grace.ibrahim67@example.com,+1-555-100-1066,Finance,2025-05-24
C0068,Hugo Bennett,hugo.bennett68@example.com,+1-555-100-1067,Human Resources,2025-05-26
C0069,Iris Evans,iris.evans69@example.com,+1-555-100-1068,Marketing,2025-05-28
C0070,Jonah Harris,jonah.harris70@example.com,+1-555-100-1069,Operations,2025-05-30
C0071,Aisha Adams,aisha.adams71@example.com,+1-555-100-1070,Product,2025-06-02
C0072,Ben Davis,ben.davis72@example.com,+1-555-100-1071,Sales,2025-06-04
C0073,Carla Green,carla.green73@example.com,+1-555-100-1072,Data Analytics,2025-06-06
C0074,Dinesh Jones,dinesh.jones74@example.com,+1-555-100-1073,Engineering,2025-06-08
C0075,Elena Chen,elena.chen75@example.com,+1-555-100-1074,Finance,2025-06-10
C0076,Fatima Foster,fatima.foster76@example.com,+1-555-100-1075,Human Resources,2025-06-12
C0077,Grace Ibrahim,grace.ibrahim77@example.com,+1-555-100-1076,Marketing,2025-06-14
C0078,Hugo Bennett,hugo.bennett78@example.com,+1-555-100-1077,Operations,2025-06-16
C0079,Iris Evans,iris.evans79@example.com,+1-555-100-1078,Product,2025-06-18
C0080,Jonah Harris,jonah.harris80@example.com,+1-555-100-1079,Sales,2025-06-20
C0081,Aisha Adams,aisha.adams81@example.com,+1-555-100-1080,Data Analytics,2025-06-23
C0082,Ben Davis,ben.davis82@example.com,+1-555-100-1081,Engineering,2025-06-25
C0083,Carla Green,carla.green83@example.com,+1-555-100-1082,Finance,2025-06-27
C0084,Dinesh Jones,dinesh.jones84@example.com,+1-555-100-1083,Human Resources,2025-06-29
C0085,Elena Chen,elena.chen85@example.com,+1-555-100-1084,Marketing,2025-07-01
C0086,Fatima Foster,fatima.foster86@example.com,+1-555-100-1085,Operations,2025-07-03
C0087,Grace Ibrahim,grace.ibrahim87@example.com,+1-555-100-1086,Product,2025-07-05
C0088,Hugo Bennett,hugo.bennett88@example.com,+1-555-100-1087,Sales,2025-07-07
C0089,Iris Evans,iris.evans89@example.com,+1-555-100-1088,Data Analytics,2025-07-09
C0090,Jonah Harris,jonah.harris90@example.com,+1-555-100-1089,Engineering,2025-07-11
C0091,Aisha Adams,aisha.adams91@example.com,+1-555-100-1090,Finance,2025-07-14
C0092,Ben Davis,ben.davis92@example.com,+1-555-100-1091,Human Resources,2025-07-16
C0093,Carla Green,carla.green93@example.com,+1-555-100-1092,Marketing,2025-07-18
C0094,Dinesh Jones,dinesh.jones94@example.com,+1-555-100-1093,Operations,2025-07-20
C0095,Elena Chen,elena.chen95@example.com,+1-555-100-1094,Product,2025-07-22
C0096,Fatima Foster,fatima.foster96@example.com,+1-555-100-1095,Sales,2025-07-24
C0097,Grace Ibrahim,grace.ibrahim97@example.com,+1-555-100-1096,Data Analytics,2025-07-26
C0098,Hugo Bennett,hugo.bennett98@example.com,+1-555-100-1097,Engineering,2025-07-28
C0099,Iris Evans,iris.evans99@example.com,+1-555-100-1098,Finance,2025-07-30
C0100,Jonah Harris,jonah.harris100@example.com,+1-555-100-1099,Human Resources,2025-08-01
