order_id,order_date,product_line,order_amount,marketing_spend
V0001,2025-10-03,Analytics Suite,4200,1200
V0002,2025-10-11,Analytics Suite,3850,1200
V0003,2025-10-22,Analytics Suite,4600,1200
V0004,2025-10-06,Collaboration Hub,2800,900
V0005,2025-10-18,Collaboration Hub,3150,900
V0006,2025-10-27,Collaboration Hub,2950,900
V0007,2025-10-08,Security Monitor,3500,1100
V0008,2025-10-20,Security Monitor,3300,1100
V0009,2025-10-29,Security Monitor,3700,1100
V0010,2025-10-15,Data Connect,2200,700
V0011,2025-10-25,Data Connect,2450,700
V0012,2025-11-04,Analytics Suite,4800,1350
V0013,2025-11-12,Analytics Suite,5100,1350
V0014,2025-11-24,Analytics Suite,4950,1350
V0015,2025-11-07,Collaboration Hub,3000,950
V0016,2025-11-19,Collaboration Hub,3250,950
V0017,2025-11-28,Collaboration Hub,3400,950
V0018,2025-11-09,Security Monitor,3600,1150
V0019,2025-11-21,Security Monitor,3850,1150
V0020,2025-11-30,Security Monitor,3750,1150
V0021,2025-11-16,Data Connect,2500,750
V0022,2025-11-26,Data Connect,2700,750
V0023,2025-12-03,Analytics Suite,5300,1600
V0024,2025-12-14,Analytics Suite,5600,1600
V0025,2025-12-22,Analytics Suite,5450,1600
V0026,2025-12-06,Collaboration Hub,3350,1050
V0027,2025-12-17,Collaboration Hub,3500,1050
V0028,2025-12-27,Collaboration Hub,3650,1050
V0029,2025-12-08,Security Monitor,4000,1300
V0030,2025-12-19,Security Monitor,4200,1300
V0031,2025-12-29,Security Monitor,4100,1300
V0032,2025-12-12,Data Connect,2800,800
V0033,2025-12-24,Data Connect,2950,800
V0034,2026-01-05,Analytics Suite,5000,1450
V0035,2026-01-16,Analytics Suite,5200,1450
V0036,2026-01-27,Analytics Suite,5150,1450
V0037,2026-01-08,Collaboration Hub,3200,1000
V0038,2026-01-20,Collaboration Hub,3450,1000
V0039,2026-01-29,Collaboration Hub,3300,1000
V0040,2026-01-10,Security Monitor,3900,1250
V0041,2026-01-22,Security Monitor,4050,1250
V0042,2026-01-30,Security Monitor,4000,1250
V0043,2026-01-14,Data Connect,2650,780
V0044,2026-01-25,Data Connect,2850,780
V0045,2026-02-04,Analytics Suite,5400,1550
V0046,2026-02-15,Analytics Suite,5700,1550
V0047,2026-02-24,Analytics Suite,5550,1550
V0048,2026-02-07,Collaboration Hub,3500,1080
V0049,2026-02-18,Collaboration Hub,3700,1080
V0050,2026-02-27,Collaboration Hub,3600,1080
V0051,2026-02-09,Security Monitor,4200,1350
V0052,2026-02-20,Security Monitor,4400,1350
V0053,2026-02-28,Security Monitor,4350,1350
V0054,2026-02-13,Data Connect,2900,820
V0055,2026-02-23,Data Connect,3100,820
V0056,2026-03-03,Analytics Suite,5750,1700
V0057,2026-03-14,Analytics Suite,6000,1700
V0058,2026-03-25,Analytics Suite,5900,1700
V0059,2026-03-06,Collaboration Hub,3700,1150
V0060,2026-03-17,Collaboration Hub,3900,1150
V0061,2026-03-28,Collaboration Hub,3800,1150
V0062,2026-03-08,Security Monitor,4500,1450
V0063,2026-03-19,Security Monitor,4650,1450
V0064,2026-03-29,Security Monitor,4600,1450
V0065,2026-03-12,Data Connect,3150,850
V0066,2026-03-23,Data Connect,3300,850
V0067,2026-04-05,Analytics Suite,5600,1500
V0068,2026-04-16,Analytics Suite,5800,1500
V0069,2026-04-27,Analytics Suite,5700,1500
V0070,2026-04-08,Collaboration Hub,3600,1100
V0071,2026-04-20,Collaboration Hub,3750,1100
V0072,2026-04-29,Collaboration Hub,3650,1100
V0073,2026-04-10,Security Monitor,4300,1400
V0074,2026-04-22,Security Monitor,4450,1400
V0075,2026-04-30,Security Monitor,4400,1400
V0076,2026-04-14,Data Connect,3000,830
V0077,2026-04-25,Data Connect,3200,830
V0078,2026-05-04,Analytics Suite,6000,1800
V0079,2026-05-15,Analytics Suite,6250,1800
V0080,2026-05-26,Analytics Suite,6150,1800
V0081,2026-05-07,Collaboration Hub,3900,1200
V0082,2026-05-18,Collaboration Hub,4100,1200
V0083,2026-05-28,Collaboration Hub,4000,1200
V0084,2026-05-09,Security Monitor,4700,1500
V0085,2026-05-20,Security Monitor,4900,1500
V0086,2026-05-30,Security Monitor,4800,1500
V0087,2026-05-13,Data Connect,3300,900
V0088,2026-05-24,Data Connect,3500,900
V0089,2026-06-03,Analytics Suite,6200,1900
V0090,2026-06-14,Analytics Suite,6500,1900
V0091,2026-06-25,Analytics Suite,6400,1900
V0092,2026-06-06,Collaboration Hub,4000,1250
V0093,2026-06-17,Collaboration Hub,4250,1250
V0094,2026-06-28,Collaboration Hub,4150,1250
V0095,2026-06-08,Security Monitor,4900,1600
V0096,2026-06-19,Security Monitor,5100,1600
V0097,2026-06-29,Security Monitor,5000,1600
V0098,2026-06-12,Data Connect,3450,920
V0099,2026-06-23,Data Connect,3650,920
V0100,2026-07-04,Analytics Suite,6500,2000
V0101,2026-07-15,Analytics Suite,6800,2000
V0102,2026-07-26,Analytics Suite,6700,2000
V0103,2026-07-07,Collaboration Hub,4200,1300
V0104,2026-07-18,Collaboration Hub,4400,1300
V0105,2026-07-28,Collaboration Hub,4300,1300
V0106,2026-07-09,Security Monitor,5100,1700
V0107,2026-07-20,Security Monitor,5300,1700
V0108,2026-07-30,Security Monitor,5200,1700
V0109,2026-07-13,Data Connect,3600,950
V0110,2026-07-24,Data Connect,3800,950
V0111,2026-08-03,Analytics Suite,6700,2100
V0112,2026-08-14,Analytics Suite,7000,2100
V0113,2026-08-25,Analytics Suite,6900,2100
V0114,2026-08-06,Collaboration Hub,4400,1350
V0115,2026-08-17,Collaboration Hub,4600,1350
V0116,2026-08-28,Collaboration Hub,4500,1350
V0117,2026-08-08,Security Monitor,5300,1750
V0118,2026-08-19,Security Monitor,5500,1750
V0119,2026-08-29,Security Monitor,5400,1750
V0120,2026-08-12,Data Connect,3750,980
V0121,2026-08-23,Data Connect,3950,980
V0122,2026-09-03,Analytics Suite,6900,2200
V0123,2026-09-14,Analytics Suite,7200,2200
V0124,2026-09-21,Analytics Suite,7100,2200
V0125,2026-09-06,Collaboration Hub,4550,1400
V0126,2026-09-17,Collaboration Hub,4750,1400
V0127,2026-09-22,Collaboration Hub,4650,1400
V0128,2026-09-08,Security Monitor,5500,1800
V0129,2026-09-19,Security Monitor,5700,1800
V0130,2026-09-23,Security Monitor,5600,1800
V0131,2026-09-12,Data Connect,3900,1000
V0132,2026-09-20,Data Connect,4100,1000